player_id,game_id,team,position,offense_snaps,defense_snaps,st_snaps,offense_pct,defense_pct,st_pct
,2025_01_ARI_NO,NO,T,75.0,0.0,5.0,1.0,0.0,0.19
,2025_01_ARI_NO,NO,C,75.0,0.0,5.0,1.0,0.0,0.19
,2025_01_ARI_NO,NO,OL,75.0,0.0,5.0,1.0,0.0,0.19
,2025_01_ARI_NO,NO,C,75.0,0.0,2.0,1.0,0.0,0.07
,2025_01_ARI_NO,NO,QB,75.0,0.0,0.0,1.0,0.0,0.0
,2025_01_ARI_NO,NO,TE,74.0,0.0,0.0,0.99,0.0,0.0
,2025_01_ARI_NO,NO,WR,64.0,0.0,4.0,0.85,0.0,0.15
,2025_01_ARI_NO,NO,WR,64.0,0.0,0.0,0.85,0.0,0.0
,2025_01_ARI_NO,NO,RB,59.0,0.0,0.0,0.79,0.0,0.0
,2025_01_ARI_NO,NO,WR,57.0,0.0,0.0,0.76,0.0,0.0
,2025_01_ARI_NO,NO,T,46.0,0.0,3.0,0.61,0.0,0.11
,2025_01_ARI_NO,NO,OL,32.0,0.0,5.0,0.43,0.0,0.19
,2025_01_ARI_NO,NO,TE,18.0,0.0,9.0,0.24,0.0,0.33
,2025_01_ARI_NO,NO,WR,17.0,0.0,5.0,0.23,0.0,0.19
,2025_01_ARI_NO,NO,RB,11.0,0.0,5.0,0.15,0.0,0.19
,2025_01_ARI_NO,NO,RB,7.0,0.0,4.0,0.09,0.0,0.15
,2025_01_ARI_NO,NO,TE,1.0,0.0,5.0,0.01,0.0,0.19
,2025_01_ARI_NO,NO,S,0.0,66.0,5.0,0.0,1.0,0.19
,2025_01_ARI_NO,NO,CB,0.0,66.0,4.0,0.0,1.0,0.15
,2025_01_ARI_NO,NO,S,0.0,66.0,3.0,0.0,1.0,0.11
,2025_01_ARI_NO,NO,CB,0.0,66.0,1.0,0.0,1.0,0.04
,2025_01_ARI_NO,NO,LB,0.0,66.0,0.0,0.0,1.0,0.0
,2025_01_ARI_NO,NO,LB,0.0,60.0,0.0,0.0,0.91,0.0
,2025_01_ARI_NO,NO,DE,0.0,57.0,5.0,0.0,0.86,0.19
,2025_01_ARI_NO,NO,DE,0.0,49.0,0.0,0.0,0.74,0.0
,2025_01_ARI_NO,NO,DT,0.0,47.0,5.0,0.0,0.71,0.19
,2025_01_ARI_NO,NO,DT,0.0,44.0,5.0,0.0,0.67,0.19
,2025_01_ARI_NO,NO,DT,0.0,39.0,5.0,0.0,0.59,0.19
,2025_01_ARI_NO,NO,CB,0.0,36.0,0.0,0.0,0.55,0.0
,2025_01_ARI_NO,NO,DE,0.0,22.0,0.0,0.0,0.33,0.0
,2025_01_ARI_NO,NO,DE,0.0,21.0,18.0,0.0,0.32,0.67
,2025_01_ARI_NO,NO,DE,0.0,13.0,7.0,0.0,0.2,0.26
,2025_01_ARI_NO,NO,DE,0.0,7.0,4.0,0.0,0.11,0.15
,2025_01_ARI_NO,NO,S,0.0,1.0,22.0,0.0,0.02,0.81
,2025_01_ARI_NO,NO,LB,0.0,0.0,22.0,0.0,0.0,0.81
,2025_01_ARI_NO,NO,DB,0.0,0.0,18.0,0.0,0.0,0.67
,2025_01_ARI_NO,NO,LB,0.0,0.0,17.0,0.0,0.0,0.63
,2025_01_ARI_NO,NO,LB,0.0,0.0,17.0,0.0,0.0,0.63
,2025_01_ARI_NO,NO,RB,0.0,0.0,17.0,0.0,0.0,0.63
,2025_01_ARI_NO,NO,CB,0.0,0.0,13.0,0.0,0.0,0.48
,2025_01_ARI_NO,NO,CB,0.0,0.0,13.0,0.0,0.0,0.48
,2025_01_ARI_NO,NO,K,0.0,0.0,9.0,0.0,0.0,0.33
,2025_01_ARI_NO,NO,P,0.0,0.0,9.0,0.0,0.0,0.33
,2025_01_ARI_NO,NO,LS,0.0,0.0,9.0,0.0,0.0,0.33
,2025_01_ARI_NO,NO,G,0.0,0.0,5.0,0.0,0.0,0.19
,2025_01_ARI_NO,NO,OL,0.0,0.0,5.0,0.0,0.0,0.19
,2025_01_ARI_NO,NO,WR,0.0,0.0,2.0,0.0,0.0,0.07
,2025_01_ARI_NO,ARI,OL,66.0,0.0,5.0,1.0,0.0,0.19
,2025_01_ARI_NO,ARI,OL,66.0,0.0,5.0,1.0,0.0,0.19
,2025_01_ARI_NO,ARI,OL,66.0,0.0,5.0,1.0,0.0,0.19
,2025_01_ARI_NO,ARI,OL,66.0,0.0,5.0,1.0,0.0,0.19
,2025_01_ARI_NO,ARI,OL,66.0,0.0,0.0,1.0,0.0,0.0
,2025_01_ARI_NO,ARI,QB,66.0,0.0,0.0,1.0,0.0,0.0
,2025_01_ARI_NO,ARI,TE,64.0,0.0,0.0,0.97,0.0,0.0
,2025_01_ARI_NO,ARI,WR,59.0,0.0,0.0,0.89,0.0,0.0
,2025_01_ARI_NO,ARI,WR,44.0,0.0,0.0,0.67,0.0,0.0
,2025_01_ARI_NO,ARI,RB,43.0,0.0,0.0,0.65,0.0,0.0
,2025_01_ARI_NO,ARI,TE,34.0,0.0,12.0,0.52,0.0,0.44
,2025_01_ARI_NO,ARI,WR,31.0,0.0,0.0,0.47,0.0,0.0
,2025_01_ARI_NO,ARI,RB,22.0,0.0,0.0,0.33,0.0,0.0
,2025_01_ARI_NO,ARI,TE,20.0,0.0,10.0,0.3,0.0,0.37
,2025_01_ARI_NO,ARI,WR,10.0,0.0,9.0,0.15,0.0,0.33
,2025_01_ARI_NO,ARI,TE,3.0,0.0,12.0,0.05,0.0,0.44
,2025_01_ARI_NO,ARI,CB,0.0,75.0,8.0,0.0,1.0,0.3
,2025_01_ARI_NO,ARI,S,0.0,75.0,5.0,0.0,1.0,0.19
,2025_01_ARI_NO,ARI,CB,0.0,75.0,5.0,0.0,1.0,0.19
,2025_01_ARI_NO,ARI,S,0.0,75.0,3.0,0.0,1.0,0.11
,2025_01_ARI_NO,ARI,LB,0.0,75.0,0.0,0.0,1.0,0.0
,2025_01_ARI_NO,ARI,S,0.0,50.0,14.0,0.0,0.67,0.52
,2025_01_ARI_NO,ARI,LB,0.0,47.0,0.0,0.0,0.63,0.0
,2025_01_ARI_NO,ARI,CB,0.0,45.0,4.0,0.0,0.6,0.15
,2025_01_ARI_NO,ARI,DL,0.0,42.0,5.0,0.0,0.56,0.19
,2025_01_ARI_NO,ARI,LB,0.0,40.0,0.0,0.0,0.53,0.0
,2025_01_ARI_NO,ARI,LB,0.0,37.0,9.0,0.0,0.49,0.33
,2025_01_ARI_NO,ARI,DL,0.0,34.0,5.0,0.0,0.45,0.19
,2025_01_ARI_NO,ARI,DL,0.0,33.0,5.0,0.0,0.44,0.19
,2025_01_ARI_NO,ARI,DL,0.0,29.0,0.0,0.0,0.39,0.0
,2025_01_ARI_NO,ARI,LB,0.0,28.0,19.0,0.0,0.37,0.7
,2025_01_ARI_NO,ARI,LB,0.0,28.0,10.0,0.0,0.37,0.37
,2025_01_ARI_NO,ARI,DL,0.0,25.0,5.0,0.0,0.33,0.19
,2025_01_ARI_NO,ARI,DL,0.0,11.0,0.0,0.0,0.15,0.0
,2025_01_ARI_NO,ARI,S,0.0,0.0,22.0,0.0,0.0,0.81
,2025_01_ARI_NO,ARI,LB,0.0,0.0,20.0,0.0,0.0,0.74
,2025_01_ARI_NO,ARI,RB,0.0,0.0,16.0,0.0,0.0,0.59
,2025_01_ARI_NO,ARI,CB,0.0,0.0,15.0,0.0,0.0,0.56
,2025_01_ARI_NO,ARI,S,0.0,0.0,10.0,0.0,0.0,0.37
,2025_01_ARI_NO,ARI,K,0.0,0.0,10.0,0.0,0.0,0.37
,2025_01_ARI_NO,ARI,LB,0.0,0.0,10.0,0.0,0.0,0.37
,2025_01_ARI_NO,ARI,LS,0.0,0.0,9.0,0.0,0.0,0.33
,2025_01_ARI_NO,ARI,P,0.0,0.0,9.0,0.0,0.0,0.33
,2025_01_ARI_NO,ARI,OL,0.0,0.0,5.0,0.0,0.0,0.19
,2025_01_ARI_NO,ARI,OL,0.0,0.0,5.0,0.0,0.0,0.19
,2025_01_ARI_NO,ARI,OL,0.0,0.0,5.0,0.0,0.0,0.19
,2025_01_ARI_NO,ARI,WR,0.0,0.0,1.0,0.0,0.0,0.04
,2025_01_BAL_BUF,BUF,G,85.0,0.0,6.0,1.0,0.0,0.17
,2025_01_BAL_BUF,BUF,G,85.0,0.0,6.0,1.0,0.0,0.17
,2025_01_BAL_BUF,BUF,T,85.0,0.0,6.0,1.0,0.0,0.17
,2025_01_BAL_BUF,BUF,T,85.0,0.0,6.0,1.0,0.0,0.17
,2025_01_BAL_BUF,BUF,G,85.0,0.0,0.0,1.0,0.0,0.0
,2025_01_BAL_BUF,BUF,QB,85.0,0.0,0.0,1.0,0.0,0.0
,2025_01_BAL_BUF,BUF,WR,75.0,0.0,0.0,0.88,0.0,0.0
,2025_01_BAL_BUF,BUF,WR,60.0,0.0,0.0,0.71,0.0,0.0
,2025_01_BAL_BUF,BUF,WR,53.0,0.0,0.0,0.62,0.0,0.0
,2025_01_BAL_BUF,BUF,RB,48.0,0.0,0.0,0.56,0.0,0.0
,2025_01_BAL_BUF,BUF,TE,48.0,0.0,0.0,0.56,0.0,0.0
,2025_01_BAL_BUF,BUF,TE,43.0,0.0,0.0,0.51,0.0,0.0
,2025_01_BAL_BUF,BUF,RB,28.0,0.0,15.0,0.33,0.0,0.43
,2025_01_BAL_BUF,BUF,WR,17.0,0.0,22.0,0.2,0.0,0.63
,2025_01_BAL_BUF,BUF,TE,16.0,0.0,8.0,0.19,0.0,0.23
,2025_01_BAL_BUF,BUF,FB,12.0,0.0,25.0,0.14,0.0,0.71
,2025_01_BAL_BUF,BUF,WR,12.0,0.0,0.0,0.14,0.0,0.0
,2025_01_BAL_BUF,BUF,RB,10.0,0.0,7.0,0.12,0.0,0.2
,2025_01_BAL_BUF,BUF,T,3.0,0.0,6.0,0.04,0.0,0.17
,2025_01_BAL_BUF,BUF,CB,0.0,51.0,10.0,0.0,1.0,0.29
,2025_01_BAL_BUF,BUF,CB,0.0,51.0,7.0,0.0,1.0,0.2
,2025_01_BAL_BUF,BUF,LB,0.0,51.0,7.0,0.0,1.0,0.2
,2025_01_BAL_BUF,BUF,S,0.0,51.0,7.0,0.0,1.0,0.2
,2025_01_BAL_BUF,BUF,S,0.0,51.0,1.0,0.0,1.0,0.03
,2025_01_BAL_BUF,BUF,LB,0.0,45.0,0.0,0.0,0.88,0.0
,2025_01_BAL_BUF,BUF,DE,0.0,35.0,7.0,0.0,0.69,0.2
,2025_01_BAL_BUF,BUF,DT,0.0,35.0,7.0,0.0,0.69,0.2
,2025_01_BAL_BUF,BUF,DE,0.0,35.0,0.0,0.0,0.69,0.0
,2025_01_BAL_BUF,BUF,DT,0.0,35.0,0.0,0.0,0.69,0.0
,2025_01_BAL_BUF,BUF,CB,0.0,34.0,1.0,0.0,0.67,0.03
,2025_01_BAL_BUF,BUF,LB,0.0,17.0,28.0,0.0,0.33,0.8
,2025_01_BAL_BUF,BUF,DE,0.0,16.0,22.0,0.0,0.31,0.63
,2025_01_BAL_BUF,BUF,DT,0.0,16.0,7.0,0.0,0.31,0.2
,2025_01_BAL_BUF,BUF,DE,0.0,16.0,7.0,0.0,0.31,0.2
,2025_01_BAL_BUF,BUF,DT,0.0,13.0,12.0,0.0,0.25,0.34
,2025_01_BAL_BUF,BUF,DB,0.0,9.0,23.0,0.0,0.18,0.66
,2025_01_BAL_BUF,BUF,LB,0.0,0.0,28.0,0.0,0.0,0.8
,2025_01_BAL_BUF,BUF,DB,0.0,0.0,22.0,0.0,0.0,0.63
,2025_01_BAL_BUF,BUF,LB,0.0,0.0,15.0,0.0,0.0,0.43
,2025_01_BAL_BUF,BUF,K,0.0,0.0,13.0,0.0,0.0,0.37
,2025_01_BAL_BUF,BUF,CB,0.0,0.0,11.0,0.0,0.0,0.31
,2025_01_BAL_BUF,BUF,P,0.0,0.0,10.0,0.0,0.0,0.29
,2025_01_BAL_BUF,BUF,LS,0.0,0.0,10.0,0.0,0.0,0.29
,2025_01_BAL_BUF,BUF,CB,0.0,0.0,10.0,0.0,0.0,0.29
,2025_01_BAL_BUF,BUF,S,0.0,0.0,7.0,0.0,0.0,0.2
,2025_01_BAL_BUF,BUF,T,0.0,0.0,6.0,0.0,0.0,0.17
,2025_01_BAL_BUF,BAL,OL,51.0,0.0,7.0,1.0,0.0,0.2
,2025_01_BAL_BUF,BAL,G,51.0,0.0,7.0,1.0,0.0,0.2
,2025_01_BAL_BUF,BAL,C,51.0,0.0,0.0,1.0,0.0,0.0
,2025_01_BAL_BUF,BAL,QB,51.0,0.0,0.0,1.0,0.0,0.0
,2025_01_BAL_BUF,BAL,T,51.0,0.0,0.0,1.0,0.0,0.0
,2025_01_BAL_BUF,BAL,T,51.0,0.0,0.0,1.0,0.0,0.0
,2025_01_BAL_BUF,BAL,WR,46.0,0.0,0.0,0.9,0.0,0.0
,2025_01_BAL_BUF,BAL,TE,38.0,0.0,0.0,0.75,0.0,0.0
,2025_01_BAL_BUF,BAL,WR,37.0,0.0,0.0,0.73,0.0,0.0
,2025_01_BAL_BUF,BAL,TE,31.0,0.0,14.0,0.61,0.0,0.4
,2025_01_BAL_BUF,BAL,RB,29.0,0.0,0.0,0.57,0.0,0.0
,2025_01_BAL_BUF,BAL,RB,23.0,0.0,7.0,0.45,0.0,0.2
,2025_01_BAL_BUF,BAL,WR,18.0,0.0,0.0,0.35,0.0,0.0
,2025_01_BAL_BUF,BAL,WR,16.0,0.0,11.0,0.31,0.0,0.31
,2025_01_BAL_BUF,BAL,TE,15.0,0.0,7.0,0.29,0.0,0.2
,2025_01_BAL_BUF,BAL,RB,1.0,0.0,21.0,0.02,0.0,0.6
,2025_01_BAL_BUF,BAL,G,1.0,0.0,7.0,0.02,0.0,0.2
,2025_01_BAL_BUF,BAL,LB,0.0,85.0,1.0,0.0,1.0,0.03
,2025_01_BAL_BUF,BAL,S,0.0,84.0,7.0,0.0,0.99,0.2
,2025_01_BAL_BUF,BAL,CB,0.0,84.0,1.0,0.0,0.99,0.03
,2025_01_BAL_BUF,BAL,CB,0.0,83.0,1.0,0.0,0.98,0.03
,2025_01_BAL_BUF,BAL,S,0.0,83.0,1.0,0.0,0.98,0.03
,2025_01_BAL_BUF,BAL,CB,0.0,67.0,0.0,0.0,0.79,0.0
,2025_01_BAL_BUF,BAL,DL,0.0,63.0,14.0,0.0,0.74,0.4
,2025_01_BAL_BUF,BAL,DL,0.0,59.0,0.0,0.0,0.69,0.0
,2025_01_BAL_BUF,BAL,LB,0.0,58.0,0.0,0.0,0.68,0.0
,2025_01_BAL_BUF,BAL,LB,0.0,48.0,14.0,0.0,0.56,0.4
,2025_01_BAL_BUF,BAL,LB,0.0,38.0,0.0,0.0,0.45,0.0
,2025_01_BAL_BUF,BAL,DL,0.0,34.0,14.0,0.0,0.4,0.4
,2025_01_BAL_BUF,BAL,CB,0.0,33.0,0.0,0.0,0.39,0.0
,2025_01_BAL_BUF,BAL,LB,0.0,29.0,26.0,0.0,0.34,0.74
,2025_01_BAL_BUF,BAL,LB,0.0,26.0,18.0,0.0,0.31,0.51
,2025_01_BAL_BUF,BAL,LB,0.0,26.0,11.0,0.0,0.31,0.31
,2025_01_BAL_BUF,BAL,DL,0.0,18.0,6.0,0.0,0.21,0.17
,2025_01_BAL_BUF,BAL,DL,0.0,12.0,2.0,0.0,0.14,0.06
,2025_01_BAL_BUF,BAL,S,0.0,3.0,27.0,0.0,0.04,0.77
,2025_01_BAL_BUF,BAL,LB,0.0,1.0,27.0,0.0,0.01,0.77
,2025_01_BAL_BUF,BAL,CB,0.0,1.0,20.0,0.0,0.01,0.57
,2025_01_BAL_BUF,BAL,CB,0.0,0.0,27.0,0.0,0.0,0.77
,2025_01_BAL_BUF,BAL,LB,0.0,0.0,21.0,0.0,0.0,0.6
,2025_01_BAL_BUF,BAL,WR,0.0,0.0,21.0,0.0,0.0,0.6
,2025_01_BAL_BUF,BAL,K,0.0,0.0,15.0,0.0,0.0,0.43
,2025_01_BAL_BUF,BAL,LS,0.0,0.0,10.0,0.0,0.0,0.29
,2025_01_BAL_BUF,BAL,P,0.0,0.0,10.0,0.0,0.0,0.29
,2025_01_BAL_BUF,BAL,T,0.0,0.0,7.0,0.0,0.0,0.2
,2025_01_BAL_BUF,BAL,WR,0.0,0.0,4.0,0.0,0.0,0.11
,2025_01_CAR_JAX,JAX,OL,66.0,0.0,6.0,1.0,0.0,0.27
,2025_01_CAR_JAX,JAX,OL,66.0,0.0,6.0,1.0,0.0,0.27
,2025_01_CAR_JAX,JAX,OL,66.0,0.0,0.0,1.0,0.0,0.0
,2025_01_CAR_JAX,JAX,QB,66.0,0.0,0.0,1.0,0.0,0.0
,2025_01_CAR_JAX,JAX,OL,64.0,0.0,6.0,0.97,0.0,0.27
,2025_01_CAR_JAX,JAX,OL,58.0,0.0,0.0,0.88,0.0,0.0
,2025_01_CAR_JAX,JAX,WR,57.0,0.0,0.0,0.86,0.0,0.0
,2025_01_CAR_JAX,JAX,TE,52.0,0.0,1.0,0.79,0.0,0.05
,2025_01_CAR_JAX,JAX,WR,47.0,0.0,0.0,0.71,0.0,0.0
,2025_01_CAR_JAX,JAX,WR,42.0,6.0,0.0,0.64,0.09,0.0
,2025_01_CAR_JAX,JAX,RB,40.0,0.0,0.0,0.61,0.0,0.0
,2025_01_CAR_JAX,JAX,TE,33.0,0.0,9.0,0.5,0.0,0.41
,2025_01_CAR_JAX,JAX,WR,17.0,0.0,3.0,0.26,0.0,0.14
,2025_01_CAR_JAX,JAX,RB,14.0,0.0,7.0,0.21,0.0,0.32
,2025_01_CAR_JAX,JAX,OL,10.0,0.0,6.0,0.15,0.0,0.27
,2025_01_CAR_JAX,JAX,RB,9.0,0.0,2.0,0.14,0.0,0.09
,2025_01_CAR_JAX,JAX,WR,7.0,0.0,0.0,0.11,0.0,0.0
,2025_01_CAR_JAX,JAX,TE,6.0,0.0,18.0,0.09,0.0,0.82
,2025_01_CAR_JAX,JAX,RB,4.0,0.0,5.0,0.06,0.0,0.23
,2025_01_CAR_JAX,JAX,OL,2.0,0.0,6.0,0.03,0.0,0.27
,2025_01_CAR_JAX,JAX,LB,0.0,64.0,3.0,0.0,1.0,0.14
,2025_01_CAR_JAX,JAX,CB,0.0,64.0,0.0,0.0,1.0,0.0
,2025_01_CAR_JAX,JAX,CB,0.0,64.0,0.0,0.0,1.0,0.0
,2025_01_CAR_JAX,JAX,S,0.0,63.0,3.0,0.0,0.98,0.14
,2025_01_CAR_JAX,JAX,S,0.0,62.0,10.0,0.0,0.97,0.45
,2025_01_CAR_JAX,JAX,DT,0.0,49.0,0.0,0.0,0.77,0.0
,2025_01_CAR_JAX,JAX,DE,0.0,48.0,1.0,0.0,0.75,0.05
,2025_01_CAR_JAX,JAX,CB,0.0,47.0,11.0,0.0,0.73,0.5
,2025_01_CAR_JAX,JAX,DE,0.0,46.0,2.0,0.0,0.72,0.09
,2025_01_CAR_JAX,JAX,DE,0.0,35.0,0.0,0.0,0.55,0.0
,2025_01_CAR_JAX,JAX,S,0.0,28.0,0.0,0.0,0.44,0.0
,2025_01_CAR_JAX,JAX,DT,0.0,24.0,2.0,0.0,0.38,0.09
,2025_01_CAR_JAX,JAX,DL,0.0,23.0,1.0,0.0,0.36,0.05
,2025_01_CAR_JAX,JAX,LB,0.0,22.0,8.0,0.0,0.34,0.36
,2025_01_CAR_JAX,JAX,LB,0.0,17.0,16.0,0.0,0.27,0.73
,2025_01_CAR_JAX,JAX,LB,0.0,16.0,6.0,0.0,0.25,0.27
,2025_01_CAR_JAX,JAX,DL,0.0,13.0,2.0,0.0,0.2,0.09
,2025_01_CAR_JAX,JAX,DT,0.0,12.0,0.0,0.0,0.19,0.0
,2025_01_CAR_JAX,JAX,S,0.0,1.0,15.0,0.0,0.02,0.68
,2025_01_CAR_JAX,JAX,LB,0.0,0.0,13.0,0.0,0.0,0.59
,2025_01_CAR_JAX,JAX,S,0.0,0.0,13.0,0.0,0.0,0.59
,2025_01_CAR_JAX,JAX,K,0.0,0.0,13.0,0.0,0.0,0.59
,2025_01_CAR_JAX,JAX,CB,0.0,0.0,13.0,0.0,0.0,0.59
,2025_01_CAR_JAX,JAX,LB,0.0,0.0,13.0,0.0,0.0,0.59
,2025_01_CAR_JAX,JAX,LS,0.0,0.0,8.0,0.0,0.0,0.36
,2025_01_CAR_JAX,JAX,P,0.0,0.0,8.0,0.0,0.0,0.36
,2025_01_CAR_JAX,JAX,OL,0.0,0.0,6.0,0.0,0.0,0.27
,2025_01_CAR_JAX,CAR,G,64.0,0.0,2.0,1.0,0.0,0.09
,2025_01_CAR_JAX,CAR,T,64.0,0.0,2.0,1.0,0.0,0.09
,2025_01_CAR_JAX,CAR,T,64.0,0.0,2.0,1.0,0.0,0.09
,2025_01_CAR_JAX,CAR,G,64.0,0.0,2.0,1.0,0.0,0.09
,2025_01_CAR_JAX,CAR,QB,64.0,0.0,0.0,1.0,0.0,0.0
,2025_01_CAR_JAX,CAR,C,64.0,0.0,0.0,1.0,0.0,0.0
,2025_01_CAR_JAX,CAR,WR,53.0,0.0,0.0,0.83,0.0,0.0
,2025_01_CAR_JAX,CAR,WR,50.0,0.0,0.0,0.78,0.0,0.0
,2025_01_CAR_JAX,CAR,RB,43.0,0.0,0.0,0.67,0.0,0.0
,2025_01_CAR_JAX,CAR,WR,42.0,0.0,0.0,0.66,0.0,0.0
,2025_01_CAR_JAX,CAR,TE,39.0,0.0,2.0,0.61,0.0,0.09
,2025_01_CAR_JAX,CAR,TE,29.0,0.0,2.0,0.45,0.0,0.09
,2025_01_CAR_JAX,CAR,RB,22.0,0.0,7.0,0.34,0.0,0.32
,2025_01_CAR_JAX,CAR,WR,19.0,0.0,14.0,0.3,0.0,0.64
,2025_01_CAR_JAX,CAR,WR,12.0,0.0,1.0,0.19,0.0,0.05
,2025_01_CAR_JAX,CAR,TE,9.0,0.0,7.0,0.14,0.0,0.32
,2025_01_CAR_JAX,CAR,RB,2.0,0.0,8.0,0.03,0.0,0.36
,2025_01_CAR_JAX,CAR,S,0.0,66.0,6.0,0.0,1.0,0.27
,2025_01_CAR_JAX,CAR,CB,0.0,66.0,6.0,0.0,1.0,0.27
,2025_01_CAR_JAX,CAR,CB,0.0,66.0,0.0,0.0,1.0,0.0
,2025_01_CAR_JAX,CAR,LB,0.0,66.0,0.0,0.0,1.0,0.0
,2025_01_CAR_JAX,CAR,S,0.0,66.0,0.0,0.0,1.0,0.0
,2025_01_CAR_JAX,CAR,LB,0.0,57.0,0.0,0.0,0.86,0.0
,2025_01_CAR_JAX,CAR,LB,0.0,48.0,6.0,0.0,0.73,0.27
,2025_01_CAR_JAX,CAR,DE,0.0,48.0,5.0,0.0,0.73,0.23
,2025_01_CAR_JAX,CAR,CB,0.0,47.0,6.0,0.0,0.71,0.27
,2025_01_CAR_JAX,CAR,DE,0.0,41.0,6.0,0.0,0.62,0.27
,2025_01_CAR_JAX,CAR,LB,0.0,41.0,0.0,0.0,0.62,0.0
,2025_01_CAR_JAX,CAR,DT,0.0,33.0,5.0,0.0,0.5,0.23
,2025_01_CAR_JAX,CAR,DT,0.0,20.0,0.0,0.0,0.3,0.0
,2025_01_CAR_JAX,CAR,LB,0.0,18.0,5.0,0.0,0.27,0.23
,2025_01_CAR_JAX,CAR,LB,0.0,16.0,13.0,0.0,0.24,0.59
,2025_01_CAR_JAX,CAR,DT,0.0,10.0,6.0,0.0,0.15,0.27
,2025_01_CAR_JAX,CAR,S,0.0,9.0,12.0,0.0,0.14,0.55
,2025_01_CAR_JAX,CAR,LB,0.0,8.0,6.0,0.0,0.12,0.27
,2025_01_CAR_JAX,CAR,LB,0.0,0.0,20.0,0.0,0.0,0.91
,2025_01_CAR_JAX,CAR,LB,0.0,0.0,20.0,0.0,0.0,0.91
,2025_01_CAR_JAX,CAR,S,0.0,0.0,18.0,0.0,0.0,0.82
,2025_01_CAR_JAX,CAR,LB,0.0,0.0,14.0,0.0,0.0,0.64
,2025_01_CAR_JAX,CAR,CB,0.0,0.0,12.0,0.0,0.0,0.55
,2025_01_CAR_JAX,CAR,CB,0.0,0.0,7.0,0.0,0.0,0.32
,2025_01_CAR_JAX,CAR,P,0.0,0.0,5.0,0.0,0.0,0.23
,2025_01_CAR_JAX,CAR,K,0.0,0.0,4.0,0.0,0.0,0.18
,2025_01_CAR_JAX,CAR,LS,0.0,0.0,4.0,0.0,0.0,0.18
,2025_01_CAR_JAX,CAR,G,0.0,0.0,2.0,0.0,0.0,0.09
,2025_01_CAR_JAX,CAR,C,0.0,0.0,2.0,0.0,0.0,0.09
,2025_01_CAR_JAX,CAR,OL,0.0,0.0,2.0,0.0,0.0,0.09
,2025_01_CIN_CLE,CLE,G,76.0,0.0,4.0,1.0,0.0,0.17
,2025_01_CIN_CLE,CLE,G,76.0,0.0,3.0,1.0,0.0,0.13
,2025_01_CIN_CLE,CLE,T,76.0,0.0,3.0,1.0,0.0,0.13
,2025_01_CIN_CLE,CLE,C,76.0,0.0,1.0,1.0,0.0,0.04
,2025_01_CIN_CLE,CLE,QB,76.0,0.0,0.0,1.0,0.0,0.0
,2025_01_CIN_CLE,CLE,WR,67.0,0.0,0.0,0.88,0.0,0.0
,2025_01_CIN_CLE,CLE,WR,67.0,0.0,0.0,0.88,0.0,0.0
,2025_01_CIN_CLE,CLE,TE,64.0,0.0,0.0,0.84,0.0,0.0
,2025_01_CIN_CLE,CLE,T,56.0,0.0,4.0,0.74,0.0,0.17
,2025_01_CIN_CLE,CLE,TE,55.0,0.0,8.0,0.72,0.0,0.35
,2025_01_CIN_CLE,CLE,RB,41.0,0.0,0.0,0.54,0.0,0.0
,2025_01_CIN_CLE,CLE,RB,33.0,0.0,4.0,0.43,0.0,0.17
,2025_01_CIN_CLE,CLE,WR,21.0,0.0,0.0,0.28,0.0,0.0
,2025_01_CIN_CLE,CLE,WR,21.0,0.0,0.0,0.28,0.0,0.0
,2025_01_CIN_CLE,CLE,T,20.0,0.0,1.0,0.26,0.0,0.04
,2025_01_CIN_CLE,CLE,DT,3.0,7.0,14.0,0.04,0.13,0.61
,2025_01_CIN_CLE,CLE,TE,3.0,0.0,10.0,0.04,0.0,0.43
,2025_01_CIN_CLE,CLE,RB,3.0,0.0,0.0,0.04,0.0,0.0
,2025_01_CIN_CLE,CLE,DT,1.0,42.0,3.0,0.01,0.81,0.13
,2025_01_CIN_CLE,CLE,C,1.0,0.0,4.0,0.01,0.0,0.17
,2025_01_CIN_CLE,CLE,G,1.0,0.0,4.0,0.01,0.0,0.17
,2025_01_CIN_CLE,CLE,LB,0.0,52.0,9.0,0.0,1.0,0.39
,2025_01_CIN_CLE,CLE,S,0.0,52.0,7.0,0.0,1.0,0.3
,2025_01_CIN_CLE,CLE,S,0.0,52.0,6.0,0.0,1.0,0.26
,2025_01_CIN_CLE,CLE,CB,0.0,50.0,3.0,0.0,0.96,0.13
,2025_01_CIN_CLE,CLE,CB,0.0,48.0,3.0,0.0,0.92,0.13
,2025_01_CIN_CLE,CLE,DE,0.0,45.0,3.0,0.0,0.87,0.13
,2025_01_CIN_CLE,CLE,LB,0.0,39.0,6.0,0.0,0.75,0.26
,2025_01_CIN_CLE,CLE,DT,0.0,37.0,3.0,0.0,0.71,0.13
,2025_01_CIN_CLE,CLE,DE,0.0,29.0,0.0,0.0,0.56,0.0
,2025_01_CIN_CLE,CLE,DT,0.0,23.0,3.0,0.0,0.44,0.13
,2025_01_CIN_CLE,CLE,DE,0.0,21.0,4.0,0.0,0.4,0.17
,2025_01_CIN_CLE,CLE,CB,0.0,19.0,6.0,0.0,0.37,0.26
,2025_01_CIN_CLE,CLE,S,0.0,15.0,10.0,0.0,0.29,0.43
,2025_01_CIN_CLE,CLE,LB,0.0,14.0,6.0,0.0,0.27,0.26
,2025_01_CIN_CLE,CLE,CB,0.0,9.0,10.0,0.0,0.17,0.43
,2025_01_CIN_CLE,CLE,LB,0.0,9.0,10.0,0.0,0.17,0.43
,2025_01_CIN_CLE,CLE,DE,0.0,7.0,13.0,0.0,0.13,0.57
,2025_01_CIN_CLE,CLE,DE,0.0,2.0,9.0,0.0,0.04,0.39
,2025_01_CIN_CLE,CLE,S,0.0,0.0,16.0,0.0,0.0,0.7
,2025_01_CIN_CLE,CLE,LB,0.0,0.0,16.0,0.0,0.0,0.7
,2025_01_CIN_CLE,CLE,WR,0.0,0.0,10.0,0.0,0.0,0.43
,2025_01_CIN_CLE,CLE,FS,0.0,0.0,9.0,0.0,0.0,0.39
,2025_01_CIN_CLE,CLE,K,0.0,0.0,8.0,0.0,0.0,0.35
,2025_01_CIN_CLE,CLE,CB,0.0,0.0,8.0,0.0,0.0,0.35
,2025_01_CIN_CLE,CLE,P,0.0,0.0,6.0,0.0,0.0,0.26
,2025_01_CIN_CLE,CLE,LS,0.0,0.0,6.0,0.0,0.0,0.26
,2025_01_CIN_CLE,CIN,C,52.0,0.0,3.0,1.0,0.0,0.13
,2025_01_CIN_CLE,CIN,T,52.0,0.0,3.0,1.0,0.0,0.13
,2025_01_CIN_CLE,CIN,T,52.0,0.0,3.0,1.0,0.0,0.13
,2025_01_CIN_CLE,CIN,G,52.0,0.0,0.0,1.0,0.0,0.0
,2025_01_CIN_CLE,CIN,QB,52.0,0.0,0.0,1.0,0.0,0.0
,2025_01_CIN_CLE,CIN,WR,45.0,0.0,0.0,0.87,0.0,0.0
,2025_01_CIN_CLE,CIN,WR,41.0,0.0,0.0,0.79,0.0,0.0
,2025_01_CIN_CLE,CIN,HB,39.0,0.0,0.0,0.75,0.0,0.0
,2025_01_CIN_CLE,CIN,TE,36.0,0.0,13.0,0.69,0.0,0.57
,2025_01_CIN_CLE,CIN,G,36.0,0.0,2.0,0.69,0.0,0.09
,2025_01_CIN_CLE,CIN,WR,34.0,0.0,0.0,0.65,0.0,0.0
,2025_01_CIN_CLE,CIN,TE,26.0,0.0,4.0,0.5,0.0,0.17
,2025_01_CIN_CLE,CIN,G,16.0,0.0,1.0,0.31,0.0,0.04
,2025_01_CIN_CLE,CIN,TE,16.0,0.0,0.0,0.31,0.0,0.0
,2025_01_CIN_CLE,CIN,HB,13.0,0.0,14.0,0.25,0.0,0.61
,2025_01_CIN_CLE,CIN,WR,5.0,0.0,4.0,0.1,0.0,0.17
,2025_01_CIN_CLE,CIN,T,4.0,0.0,3.0,0.08,0.0,0.13
,2025_01_CIN_CLE,CIN,G,1.0,0.0,3.0,0.02,0.0,0.13
,2025_01_CIN_CLE,CIN,S,0.0,76.0,0.0,0.0,1.0,0.0
,2025_01_CIN_CLE,CIN,CB,0.0,74.0,4.0,0.0,0.97,0.17
,2025_01_CIN_CLE,CIN,CB,0.0,74.0,0.0,0.0,0.97,0.0
,2025_01_CIN_CLE,CIN,S,0.0,67.0,4.0,0.0,0.88,0.17
,2025_01_CIN_CLE,CIN,LB,0.0,64.0,3.0,0.0,0.84,0.13
,2025_01_CIN_CLE,CIN,LB,0.0,58.0,0.0,0.0,0.76,0.0
,2025_01_CIN_CLE,CIN,DE,0.0,57.0,0.0,0.0,0.75,0.0
,2025_01_CIN_CLE,CIN,DE,0.0,48.0,4.0,0.0,0.63,0.17
,2025_01_CIN_CLE,CIN,CB,0.0,46.0,14.0,0.0,0.61,0.61
,2025_01_CIN_CLE,CIN,DT,0.0,45.0,0.0,0.0,0.59,0.0
,2025_01_CIN_CLE,CIN,DT,0.0,37.0,4.0,0.0,0.49,0.17
,2025_01_CIN_CLE,CIN,DE,0.0,37.0,0.0,0.0,0.49,0.0
,2025_01_CIN_CLE,CIN,DT,0.0,34.0,4.0,0.0,0.45,0.17
,2025_01_CIN_CLE,CIN,CB,0.0,29.0,6.0,0.0,0.38,0.26
,2025_01_CIN_CLE,CIN,LB,0.0,22.0,20.0,0.0,0.29,0.87
,2025_01_CIN_CLE,CIN,DT,0.0,22.0,4.0,0.0,0.29,0.17
,2025_01_CIN_CLE,CIN,DE,0.0,22.0,0.0,0.0,0.29,0.0
,2025_01_CIN_CLE,CIN,LB,0.0,14.0,17.0,0.0,0.18,0.74
,2025_01_CIN_CLE,CIN,S,0.0,7.0,20.0,0.0,0.09,0.87
,2025_01_CIN_CLE,CIN,DE,0.0,3.0,4.0,0.0,0.04,0.17
,2025_01_CIN_CLE,CIN,LB,0.0,0.0,16.0,0.0,0.0,0.7
,2025_01_CIN_CLE,CIN,CB,0.0,0.0,12.0,0.0,0.0,0.52
,2025_01_CIN_CLE,CIN,HB,0.0,0.0,12.0,0.0,0.0,0.52
,2025_01_CIN_CLE,CIN,S,0.0,0.0,12.0,0.0,0.0,0.52
,2025_01_CIN_CLE,CIN,P,0.0,0.0,9.0,0.0,0.0,0.39
,2025_01_CIN_CLE,CIN,TE,0.0,0.0,9.0,0.0,0.0,0.39
,2025_01_CIN_CLE,CIN,LS,0.0,0.0,9.0,0.0,0.0,0.39
,2025_01_CIN_CLE,CIN,K,0.0,0.0,7.0,0.0,0.0,0.3
,2025_01_CIN_CLE,CIN,WR,0.0,0.0,6.0,0.0,0.0,0.26
,2025_01_DAL_PHI,PHI,OL,63.0,0.0,4.0,1.0,0.0,0.18
,2025_01_DAL_PHI,PHI,T,63.0,0.0,4.0,1.0,0.0,0.18
,2025_01_DAL_PHI,PHI,QB,63.0,0.0,0.0,1.0,0.0,0.0
,2025_01_DAL_PHI,PHI,T,63.0,0.0,0.0,1.0,0.0,0.0
,2025_01_DAL_PHI,PHI,C,63.0,0.0,0.0,1.0,0.0,0.0
,2025_01_DAL_PHI,PHI,WR,56.0,0.0,0.0,0.89,0.0,0.0
,2025_01_DAL_PHI,PHI,WR,55.0,0.0,0.0,0.87,0.0,0.0
,2025_01_DAL_PHI,PHI,G,52.0,0.0,4.0,0.83,0.0,0.18
,2025_01_DAL_PHI,PHI,TE,52.0,0.0,0.0,0.83,0.0,0.0
,2025_01_DAL_PHI,PHI,RB,50.0,0.0,0.0,0.79,0.0,0.0
,2025_01_DAL_PHI,PHI,TE,37.0,0.0,11.0,0.59,0.0,0.5
,2025_01_DAL_PHI,PHI,WR,29.0,0.0,2.0,0.46,0.0,0.09
,2025_01_DAL_PHI,PHI,TE,17.0,0.0,13.0,0.27,0.0,0.59
,2025_01_DAL_PHI,PHI,T,11.0,0.0,4.0,0.17,0.0,0.18
,2025_01_DAL_PHI,PHI,RB,8.0,0.0,4.0,0.13,0.0,0.18
,2025_01_DAL_PHI,PHI,RB,5.0,0.0,7.0,0.08,0.0,0.32
,2025_01_DAL_PHI,PHI,DB,3.0,61.0,6.0,0.05,1.0,0.27
,2025_01_DAL_PHI,PHI,WR,2.0,0.0,5.0,0.03,0.0,0.23
,2025_01_DAL_PHI,PHI,WR,1.0,0.0,5.0,0.02,0.0,0.23
,2025_01_DAL_PHI,PHI,LB,0.0,61.0,1.0,0.0,1.0,0.05
,2025_01_DAL_PHI,PHI,S,0.0,61.0,1.0,0.0,1.0,0.05
,2025_01_DAL_PHI,PHI,CB,0.0,61.0,0.0,0.0,1.0,0.0
,2025_01_DAL_PHI,PHI,LB,0.0,56.0,1.0,0.0,0.92,0.05
,2025_01_DAL_PHI,PHI,DT,0.0,55.0,5.0,0.0,0.9,0.23
,2025_01_DAL_PHI,PHI,DT,0.0,53.0,9.0,0.0,0.87,0.41
,2025_01_DAL_PHI,PHI,LB,0.0,52.0,1.0,0.0,0.85,0.05
,2025_01_DAL_PHI,PHI,S,0.0,51.0,0.0,0.0,0.84,0.0
,2025_01_DAL_PHI,PHI,CB,0.0,42.0,1.0,0.0,0.69,0.05
,2025_01_DAL_PHI,PHI,LB,0.0,39.0,4.0,0.0,0.64,0.18
,2025_01_DAL_PHI,PHI,DT,0.0,22.0,4.0,0.0,0.36,0.18
,2025_01_DAL_PHI,PHI,LB,0.0,19.0,10.0,0.0,0.31,0.45
,2025_01_DAL_PHI,PHI,S,0.0,14.0,16.0,0.0,0.23,0.73
,2025_01_DAL_PHI,PHI,LB,0.0,12.0,17.0,0.0,0.2,0.77
,2025_01_DAL_PHI,PHI,CB,0.0,7.0,5.0,0.0,0.11,0.23
,2025_01_DAL_PHI,PHI,DT,0.0,5.0,4.0,0.0,0.08,0.18
,2025_01_DAL_PHI,PHI,CB,0.0,0.0,18.0,0.0,0.0,0.82
,2025_01_DAL_PHI,PHI,LB,0.0,0.0,17.0,0.0,0.0,0.77
,2025_01_DAL_PHI,PHI,LB,0.0,0.0,13.0,0.0,0.0,0.59
,2025_01_DAL_PHI,PHI,S,0.0,0.0,13.0,0.0,0.0,0.59
,2025_01_DAL_PHI,PHI,K,0.0,0.0,9.0,0.0,0.0,0.41
,2025_01_DAL_PHI,PHI,P,0.0,0.0,7.0,0.0,0.0,0.32
,2025_01_DAL_PHI,PHI,LS,0.0,0.0,7.0,0.0,0.0,0.32
,2025_01_DAL_PHI,PHI,T,0.0,0.0,4.0,0.0,0.0,0.18
,2025_01_DAL_PHI,PHI,OL,0.0,0.0,4.0,0.0,0.0,0.18
,2025_01_DAL_PHI,PHI,CB,0.0,0.0,1.0,0.0,0.0,0.05
,2025_01_DAL_PHI,PHI,FB,0.0,0.0,1.0,0.0,0.0,0.05
,2025_01_DAL_PHI,DAL,C,61.0,0.0,4.0,1.0,0.0,0.18
,2025_01_DAL_PHI,DAL,T,61.0,0.0,4.0,1.0,0.0,0.18
,2025_01_DAL_PHI,DAL,G,61.0,0.0,4.0,1.0,0.0,0.18
,2025_01_DAL_PHI,DAL,OL,61.0,0.0,4.0,1.0,0.0,0.18
,2025_01_DAL_PHI,DAL,T,61.0,0.0,0.0,1.0,0.0,0.0
,2025_01_DAL_PHI,DAL,QB,61.0,0.0,0.0,1.0,0.0,0.0
,2025_01_DAL_PHI,DAL,WR,56.0,0.0,0.0,0.92,0.0,0.0
,2025_01_DAL_PHI,DAL,WR,56.0,0.0,0.0,0.92,0.0,0.0
,2025_01_DAL_PHI,DAL,RB,47.0,0.0,0.0,0.77,0.0,0.0
,2025_01_DAL_PHI,DAL,TE,47.0,0.0,0.0,0.77,0.0,0.0
,2025_01_DAL_PHI,DAL,WR,28.0,0.0,8.0,0.46,0.0,0.36
,2025_01_DAL_PHI,DAL,WR,27.0,0.0,1.0,0.44,0.0,0.05
,2025_01_DAL_PHI,DAL,TE,15.0,0.0,11.0,0.25,0.0,0.5
,2025_01_DAL_PHI,DAL,RB,11.0,0.0,0.0,0.18,0.0,0.0
,2025_01_DAL_PHI,DAL,TE,10.0,0.0,1.0,0.16,0.0,0.05
,2025_01_DAL_PHI,DAL,RB,8.0,0.0,14.0,0.13,0.0,0.64
,2025_01_DAL_PHI,DAL,CB,0.0,63.0,5.0,0.0,1.0,0.23
,2025_01_DAL_PHI,DAL,S,0.0,63.0,3.0,0.0,1.0,0.14
,2025_01_DAL_PHI,DAL,S,0.0,63.0,0.0,0.0,1.0,0.0
,2025_01_DAL_PHI,DAL,CB,0.0,63.0,0.0,0.0,1.0,0.0
,2025_01_DAL_PHI,DAL,LB,0.0,63.0,0.0,0.0,1.0,0.0
,2025_01_DAL_PHI,DAL,LB,0.0,48.0,6.0,0.0,0.76,0.27
,2025_01_DAL_PHI,DAL,LB,0.0,42.0,11.0,0.0,0.67,0.5
,2025_01_DAL_PHI,DAL,DT,0.0,41.0,4.0,0.0,0.65,0.18
,2025_01_DAL_PHI,DAL,DT,0.0,41.0,0.0,0.0,0.65,0.0
,2025_01_DAL_PHI,DAL,DE,0.0,39.0,4.0,0.0,0.62,0.18
,2025_01_DAL_PHI,DAL,DE,0.0,30.0,6.0,0.0,0.48,0.27
,2025_01_DAL_PHI,DAL,DE,0.0,27.0,0.0,0.0,0.43,0.0
,2025_01_DAL_PHI,DAL,CB,0.0,27.0,0.0,0.0,0.43,0.0
,2025_01_DAL_PHI,DAL,DT,0.0,26.0,4.0,0.0,0.41,0.18
,2025_01_DAL_PHI,DAL,DE,0.0,22.0,7.0,0.0,0.35,0.32
,2025_01_DAL_PHI,DAL,DT,0.0,20.0,4.0,0.0,0.32,0.18
,2025_01_DAL_PHI,DAL,DE,0.0,10.0,1.0,0.0,0.16,0.05
,2025_01_DAL_PHI,DAL,LB,0.0,6.0,12.0,0.0,0.1,0.55
,2025_01_DAL_PHI,DAL,LB,0.0,0.0,18.0,0.0,0.0,0.82
,2025_01_DAL_PHI,DAL,S,0.0,0.0,18.0,0.0,0.0,0.82
,2025_01_DAL_PHI,DAL,CB,0.0,0.0,17.0,0.0,0.0,0.77
,2025_01_DAL_PHI,DAL,WR,0.0,0.0,14.0,0.0,0.0,0.64
,2025_01_DAL_PHI,DAL,S,0.0,0.0,14.0,0.0,0.0,0.64
,2025_01_DAL_PHI,DAL,K,0.0,0.0,8.0,0.0,0.0,0.36
,2025_01_DAL_PHI,DAL,CB,0.0,0.0,7.0,0.0,0.0,0.32
,2025_01_DAL_PHI,DAL,LS,0.0,0.0,6.0,0.0,0.0,0.27
,2025_01_DAL_PHI,DAL,P,0.0,0.0,6.0,0.0,0.0,0.27
,2025_01_DAL_PHI,DAL,DB,0.0,0.0,4.0,0.0,0.0,0.18
,2025_01_DAL_PHI,DAL,T,0.0,0.0,4.0,0.0,0.0,0.18
,2025_01_DAL_PHI,DAL,C,0.0,0.0,4.0,0.0,0.0,0.18
,2025_01_DAL_PHI,DAL,G,0.0,0.0,4.0,0.0,0.0,0.18
,2025_01_DET_GB,GB,T,48.0,0.0,5.0,1.0,0.0,0.21
,2025_01_DET_GB,GB,QB,48.0,0.0,0.0,1.0,0.0,0.0
,2025_01_DET_GB,GB,C,48.0,0.0,0.0,1.0,0.0,0.0
,2025_01_DET_GB,GB,TE,44.0,0.0,6.0,0.92,0.0,0.25
,2025_01_DET_GB,GB,G,43.0,0.0,4.0,0.9,0.0,0.17
,2025_01_DET_GB,GB,RB,42.0,0.0,1.0,0.88,0.0,0.04
,2025_01_DET_GB,GB,WR,34.0,0.0,1.0,0.71,0.0,0.04
,2025_01_DET_GB,GB,G,33.0,0.0,5.0,0.69,0.0,0.21
,2025_01_DET_GB,GB,OL,30.0,0.0,3.0,0.62,0.0,0.12
,2025_01_DET_GB,GB,WR,23.0,0.0,2.0,0.48,0.0,0.08
,2025_01_DET_GB,GB,WR,22.0,0.0,0.0,0.46,0.0,0.0
,2025_01_DET_GB,GB,T,20.0,0.0,5.0,0.42,0.0,0.21
,2025_01_DET_GB,GB,WR,18.0,0.0,3.0,0.38,0.0,0.12
,2025_01_DET_GB,GB,TE,17.0,0.0,6.0,0.35,0.0,0.25
,2025_01_DET_GB,GB,T,15.0,0.0,5.0,0.31,0.0,0.21
,2025_01_DET_GB,GB,TE,15.0,0.0,3.0,0.31,0.0,0.12
,2025_01_DET_GB,GB,WR,11.0,0.0,3.0,0.23,0.0,0.12
,2025_01_DET_GB,GB,RB,9.0,0.0,16.0,0.19,0.0,0.67
,2025_01_DET_GB,GB,T,3.0,0.0,5.0,0.06,0.0,0.21
,2025_01_DET_GB,GB,WR,3.0,0.0,3.0,0.06,0.0,0.12
,2025_01_DET_GB,GB,RB,2.0,0.0,0.0,0.04,0.0,0.0
,2025_01_DET_GB,GB,S,0.0,67.0,10.0,0.0,1.0,0.42
,2025_01_DET_GB,GB,CB,0.0,67.0,8.0,0.0,1.0,0.33
,2025_01_DET_GB,GB,CB,0.0,67.0,4.0,0.0,1.0,0.17
,2025_01_DET_GB,GB,LB,0.0,67.0,3.0,0.0,1.0,0.12
,2025_01_DET_GB,GB,LB,0.0,67.0,3.0,0.0,1.0,0.12
,2025_01_DET_GB,GB,S,0.0,59.0,11.0,0.0,0.88,0.46
,2025_01_DET_GB,GB,S,0.0,56.0,10.0,0.0,0.84,0.42
,2025_01_DET_GB,GB,DL,0.0,49.0,0.0,0.0,0.73,0.0
,2025_01_DET_GB,GB,DL,0.0,47.0,0.0,0.0,0.7,0.0
,2025_01_DET_GB,GB,DL,0.0,36.0,11.0,0.0,0.54,0.46
,2025_01_DET_GB,GB,DL,0.0,35.0,3.0,0.0,0.52,0.12
,2025_01_DET_GB,GB,DL,0.0,34.0,9.0,0.0,0.51,0.38
,2025_01_DET_GB,GB,DL,0.0,30.0,0.0,0.0,0.45,0.0
,2025_01_DET_GB,GB,DL,0.0,21.0,12.0,0.0,0.31,0.5
,2025_01_DET_GB,GB,LB,0.0,18.0,18.0,0.0,0.27,0.75
,2025_01_DET_GB,GB,DL,0.0,8.0,4.0,0.0,0.12,0.17
,2025_01_DET_GB,GB,DL,0.0,8.0,0.0,0.0,0.12,0.0
,2025_01_DET_GB,GB,LB,0.0,1.0,15.0,0.0,0.01,0.62
,2025_01_DET_GB,GB,LB,0.0,0.0,15.0,0.0,0.0,0.62
,2025_01_DET_GB,GB,CB,0.0,0.0,12.0,0.0,0.0,0.5
,2025_01_DET_GB,GB,K,0.0,0.0,11.0,0.0,0.0,0.46
,2025_01_DET_GB,GB,S,0.0,0.0,11.0,0.0,0.0,0.46
,2025_01_DET_GB,GB,P,0.0,0.0,8.0,0.0,0.0,0.33
,2025_01_DET_GB,GB,LS,0.0,0.0,8.0,0.0,0.0,0.33
,2025_01_DET_GB,GB,CB,0.0,0.0,2.0,0.0,0.0,0.08
,2025_01_DET_GB,DET,T,67.0,0.0,3.0,1.0,0.0,0.12
,2025_01_DET_GB,DET,OL,67.0,0.0,3.0,1.0,0.0,0.12
,2025_01_DET_GB,DET,OL,67.0,0.0,3.0,1.0,0.0,0.12
,2025_01_DET_GB,DET,T,67.0,0.0,0.0,1.0,0.0,0.0
,2025_01_DET_GB,DET,QB,67.0,0.0,0.0,1.0,0.0,0.0
,2025_01_DET_GB,DET,OL,67.0,0.0,0.0,1.0,0.0,0.0
,2025_01_DET_GB,DET,WR,65.0,0.0,0.0,0.97,0.0,0.0
,2025_01_DET_GB,DET,WR,63.0,0.0,0.0,0.94,0.0,0.0
,2025_01_DET_GB,DET,TE,61.0,0.0,0.0,0.91,0.0,0.0
,2025_01_DET_GB,DET,WR,44.0,0.0,3.0,0.66,0.0,0.12
,2025_01_DET_GB,DET,RB,44.0,0.0,0.0,0.66,0.0,0.0
,2025_01_DET_GB,DET,RB,25.0,0.0,0.0,0.37,0.0,0.0
,2025_01_DET_GB,DET,TE,24.0,0.0,9.0,0.36,0.0,0.38
,2025_01_DET_GB,DET,TE,6.0,0.0,10.0,0.09,0.0,0.42
,2025_01_DET_GB,DET,WR,3.0,0.0,9.0,0.04,0.0,0.38
,2025_01_DET_GB,DET,DB,0.0,48.0,7.0,0.0,1.0,0.29
,2025_01_DET_GB,DET,S,0.0,48.0,7.0,0.0,1.0,0.29
,2025_01_DET_GB,DET,LB,0.0,48.0,1.0,0.0,1.0,0.04
,2025_01_DET_GB,DET,CB,0.0,48.0,1.0,0.0,1.0,0.04
,2025_01_DET_GB,DET,LB,0.0,48.0,1.0,0.0,1.0,0.04
,2025_01_DET_GB,DET,DE,0.0,46.0,1.0,0.0,0.96,0.04
,2025_01_DET_GB,DET,LB,0.0,43.0,12.0,0.0,0.9,0.5
,2025_01_DET_GB,DET,DL,0.0,37.0,6.0,0.0,0.77,0.25
,2025_01_DET_GB,DET,DE,0.0,33.0,6.0,0.0,0.69,0.25
,2025_01_DET_GB,DET,DL,0.0,32.0,1.0,0.0,0.67,0.04
,2025_01_DET_GB,DET,CB,0.0,31.0,0.0,0.0,0.65,0.0
,2025_01_DET_GB,DET,CB,0.0,23.0,4.0,0.0,0.48,0.17
,2025_01_DET_GB,DET,DL,0.0,17.0,5.0,0.0,0.35,0.21
,2025_01_DET_GB,DET,DL,0.0,14.0,17.0,0.0,0.29,0.71
,2025_01_DET_GB,DET,DE,0.0,7.0,3.0,0.0,0.15,0.12
,2025_01_DET_GB,DET,CB,0.0,3.0,13.0,0.0,0.06,0.54
,2025_01_DET_GB,DET,CB,0.0,2.0,12.0,0.0,0.04,0.5
,2025_01_DET_GB,DET,LB,0.0,0.0,20.0,0.0,0.0,0.83
,2025_01_DET_GB,DET,LB,0.0,0.0,20.0,0.0,0.0,0.83
,2025_01_DET_GB,DET,LB,0.0,0.0,13.0,0.0,0.0,0.54
,2025_01_DET_GB,DET,RB,0.0,0.0,11.0,0.0,0.0,0.46
,2025_01_DET_GB,DET,RB,0.0,0.0,11.0,0.0,0.0,0.46
,2025_01_DET_GB,DET,S,0.0,0.0,11.0,0.0,0.0,0.46
,2025_01_DET_GB,DET,DB,0.0,0.0,10.0,0.0,0.0,0.42
,2025_01_DET_GB,DET,K,0.0,0.0,7.0,0.0,0.0,0.29
,2025_01_DET_GB,DET,P,0.0,0.0,6.0,0.0,0.0,0.25
,2025_01_DET_GB,DET,LS,0.0,0.0,6.0,0.0,0.0,0.25
,2025_01_DET_GB,DET,G,0.0,0.0,3.0,0.0,0.0,0.12
,2025_01_DET_GB,DET,C,0.0,0.0,3.0,0.0,0.0,0.12
,2025_01_DET_GB,DET,OL,0.0,0.0,3.0,0.0,0.0,0.12
,2025_01_DET_GB,DET,WR,0.0,0.0,3.0,0.0,0.0,0.12
,2025_01_HOU_LA,LA,OL,60.0,0.0,2.0,1.0,0.0,0.1
,2025_01_HOU_LA,LA,OL,60.0,0.0,2.0,1.0,0.0,0.1
,2025_01_HOU_LA,LA,OL,60.0,0.0,0.0,1.0,0.0,0.0
,2025_01_HOU_LA,LA,QB,60.0,0.0,0.0,1.0,0.0,0.0
,2025_01_HOU_LA,LA,WR,54.0,0.0,0.0,0.9,0.0,0.0
,2025_01_HOU_LA,LA,RB,49.0,0.0,0.0,0.82,0.0,0.0
,2025_01_HOU_LA,LA,OL,45.0,0.0,2.0,0.75,0.0,0.1
,2025_01_HOU_LA,LA,OL,44.0,0.0,2.0,0.73,0.0,0.1
,2025_01_HOU_LA,LA,WR,38.0,0.0,0.0,0.63,0.0,0.0
,2025_01_HOU_LA,LA,TE,35.0,0.0,0.0,0.58,0.0,0.0
,2025_01_HOU_LA,LA,OL,31.0,0.0,0.0,0.52,0.0,0.0
,2025_01_HOU_LA,LA,WR,30.0,0.0,11.0,0.5,0.0,0.55
,2025_01_HOU_LA,LA,TE,29.0,0.0,3.0,0.48,0.0,0.15
,2025_01_HOU_LA,LA,WR,25.0,0.0,0.0,0.42,0.0,0.0
,2025_01_HOU_LA,LA,TE,22.0,0.0,10.0,0.37,0.0,0.5
,2025_01_HOU_LA,LA,RB,10.0,0.0,6.0,0.17,0.0,0.3
,2025_01_HOU_LA,LA,WR,6.0,0.0,2.0,0.1,0.0,0.1
,2025_01_HOU_LA,LA,WR,2.0,0.0,12.0,0.03,0.0,0.6
,2025_01_HOU_LA,LA,S,0.0,63.0,5.0,0.0,1.0,0.25
,2025_01_HOU_LA,LA,S,0.0,63.0,0.0,0.0,1.0,0.0
,2025_01_HOU_LA,LA,LB,0.0,62.0,6.0,0.0,0.98,0.3
,2025_01_HOU_LA,LA,LB,0.0,57.0,5.0,0.0,0.9,0.25
,2025_01_HOU_LA,LA,S,0.0,57.0,3.0,0.0,0.9,0.15
,2025_01_HOU_LA,LA,LB,0.0,54.0,2.0,0.0,0.86,0.1
,2025_01_HOU_LA,LA,CB,0.0,51.0,0.0,0.0,0.81,0.0
,2025_01_HOU_LA,LA,CB,0.0,50.0,4.0,0.0,0.79,0.2
,2025_01_HOU_LA,LA,LB,0.0,45.0,14.0,0.0,0.71,0.7
,2025_01_HOU_LA,LA,DE,0.0,43.0,5.0,0.0,0.68,0.25
,2025_01_HOU_LA,LA,DE,0.0,39.0,5.0,0.0,0.62,0.25
,2025_01_HOU_LA,LA,NT,0.0,26.0,3.0,0.0,0.41,0.15
,2025_01_HOU_LA,LA,CB,0.0,25.0,11.0,0.0,0.4,0.55
,2025_01_HOU_LA,LA,DE,0.0,21.0,1.0,0.0,0.33,0.05
,2025_01_HOU_LA,LA,S,0.0,18.0,18.0,0.0,0.29,0.9
,2025_01_HOU_LA,LA,LB,0.0,15.0,2.0,0.0,0.24,0.1
,2025_01_HOU_LA,LA,DE,0.0,3.0,2.0,0.0,0.05,0.1
,2025_01_HOU_LA,LA,LB,0.0,1.0,13.0,0.0,0.02,0.65
,2025_01_HOU_LA,LA,LB,0.0,0.0,16.0,0.0,0.0,0.8
,2025_01_HOU_LA,LA,LB,0.0,0.0,12.0,0.0,0.0,0.6
,2025_01_HOU_LA,LA,CB,0.0,0.0,10.0,0.0,0.0,0.5
,2025_01_HOU_LA,LA,P,0.0,0.0,7.0,0.0,0.0,0.35
,2025_01_HOU_LA,LA,LS,0.0,0.0,7.0,0.0,0.0,0.35
,2025_01_HOU_LA,LA,TE,0.0,0.0,5.0,0.0,0.0,0.25
,2025_01_HOU_LA,LA,K,0.0,0.0,5.0,0.0,0.0,0.25
,2025_01_HOU_LA,LA,RB,0.0,0.0,4.0,0.0,0.0,0.2
,2025_01_HOU_LA,LA,OL,0.0,0.0,2.0,0.0,0.0,0.1
,2025_01_HOU_LA,HOU,G,63.0,0.0,3.0,1.0,0.0,0.15
,2025_01_HOU_LA,HOU,T,63.0,0.0,3.0,1.0,0.0,0.15
,2025_01_HOU_LA,HOU,T,63.0,0.0,3.0,1.0,0.0,0.15
,2025_01_HOU_LA,HOU,QB,63.0,0.0,0.0,1.0,0.0,0.0
,2025_01_HOU_LA,HOU,T,59.0,0.0,3.0,0.94,0.0,0.15
,2025_01_HOU_LA,HOU,WR,53.0,0.0,0.0,0.84,0.0,0.0
,2025_01_HOU_LA,HOU,C,45.0,0.0,0.0,0.71,0.0,0.0
,2025_01_HOU_LA,HOU,WR,43.0,0.0,0.0,0.68,0.0,0.0
,2025_01_HOU_LA,HOU,TE,36.0,0.0,4.0,0.57,0.0,0.2
,2025_01_HOU_LA,HOU,WR,35.0,0.0,7.0,0.56,0.0,0.35
,2025_01_HOU_LA,HOU,TE,34.0,0.0,0.0,0.54,0.0,0.0
,2025_01_HOU_LA,HOU,RB,32.0,0.0,0.0,0.51,0.0,0.0
,2025_01_HOU_LA,HOU,WR,27.0,0.0,0.0,0.43,0.0,0.0
,2025_01_HOU_LA,HOU,C,18.0,0.0,3.0,0.29,0.0,0.15
,2025_01_HOU_LA,HOU,RB,17.0,0.0,14.0,0.27,0.0,0.7
,2025_01_HOU_LA,HOU,WR,17.0,0.0,5.0,0.27,0.0,0.25
,2025_01_HOU_LA,HOU,FB,7.0,0.0,8.0,0.11,0.0,0.4
,2025_01_HOU_LA,HOU,RB,7.0,0.0,3.0,0.11,0.0,0.15
,2025_01_HOU_LA,HOU,RB,7.0,0.0,0.0,0.11,0.0,0.0
,2025_01_HOU_LA,HOU,T,4.0,0.0,3.0,0.06,0.0,0.15
,2025_01_HOU_LA,HOU,S,0.0,60.0,3.0,0.0,1.0,0.15
,2025_01_HOU_LA,HOU,LB,0.0,60.0,0.0,0.0,1.0,0.0
,2025_01_HOU_LA,HOU,CB,0.0,60.0,0.0,0.0,1.0,0.0
,2025_01_HOU_LA,HOU,S,0.0,60.0,0.0,0.0,1.0,0.0
,2025_01_HOU_LA,HOU,LB,0.0,57.0,0.0,0.0,0.95,0.0
,2025_01_HOU_LA,HOU,S,0.0,55.0,0.0,0.0,0.92,0.0
,2025_01_HOU_LA,HOU,CB,0.0,55.0,0.0,0.0,0.92,0.0
,2025_01_HOU_LA,HOU,DE,0.0,45.0,1.0,0.0,0.75,0.05
,2025_01_HOU_LA,HOU,DE,0.0,44.0,3.0,0.0,0.73,0.15
,2025_01_HOU_LA,HOU,DT,0.0,43.0,1.0,0.0,0.72,0.05
,2025_01_HOU_LA,HOU,DT,0.0,32.0,3.0,0.0,0.53,0.15
,2025_01_HOU_LA,HOU,DT,0.0,24.0,2.0,0.0,0.4,0.1
,2025_01_HOU_LA,HOU,DT,0.0,21.0,0.0,0.0,0.35,0.0
,2025_01_HOU_LA,HOU,DE,0.0,15.0,2.0,0.0,0.25,0.1
,2025_01_HOU_LA,HOU,DE,0.0,11.0,3.0,0.0,0.18,0.15
,2025_01_HOU_LA,HOU,CB,0.0,5.0,17.0,0.0,0.08,0.85
,2025_01_HOU_LA,HOU,DE,0.0,5.0,13.0,0.0,0.08,0.65
,2025_01_HOU_LA,HOU,LB,0.0,5.0,6.0,0.0,0.08,0.3
,2025_01_HOU_LA,HOU,LB,0.0,3.0,17.0,0.0,0.05,0.85
,2025_01_HOU_LA,HOU,CB,0.0,0.0,17.0,0.0,0.0,0.85
,2025_01_HOU_LA,HOU,S,0.0,0.0,17.0,0.0,0.0,0.85
,2025_01_HOU_LA,HOU,LB,0.0,0.0,17.0,0.0,0.0,0.85
,2025_01_HOU_LA,HOU,LB,0.0,0.0,16.0,0.0,0.0,0.8
,2025_01_HOU_LA,HOU,LS,0.0,0.0,7.0,0.0,0.0,0.35
,2025_01_HOU_LA,HOU,P,0.0,0.0,7.0,0.0,0.0,0.35
,2025_01_HOU_LA,HOU,K,0.0,0.0,6.0,0.0,0.0,0.3
,2025_01_HOU_LA,HOU,C,0.0,0.0,3.0,0.0,0.0,0.15
,2025_01_KC_LAC,LAC,T,65.0,0.0,5.0,1.0,0.0,0.2
,2025_01_KC_LAC,LAC,G,65.0,0.0,5.0,1.0,0.0,0.2
,2025_01_KC_LAC,LAC,G,65.0,0.0,5.0,1.0,0.0,0.2
,2025_01_KC_LAC,LAC,QB,65.0,0.0,0.0,1.0,0.0,0.0
,2025_01_KC_LAC,LAC,C,65.0,0.0,0.0,1.0,0.0,0.0
,2025_01_KC_LAC,LAC,WR,55.0,0.0,0.0,0.85,0.0,0.0
,2025_01_KC_LAC,LAC,WR,53.0,0.0,0.0,0.82,0.0,0.0
,2025_01_KC_LAC,LAC,RB,52.0,0.0,1.0,0.8,0.0,0.04
,2025_01_KC_LAC,LAC,G,49.0,0.0,4.0,0.75,0.0,0.16
,2025_01_KC_LAC,LAC,WR,40.0,0.0,0.0,0.62,0.0,0.0
,2025_01_KC_LAC,LAC,TE,37.0,0.0,0.0,0.57,0.0,0.0
,2025_01_KC_LAC,LAC,TE,28.0,0.0,5.0,0.43,0.0,0.2
,2025_01_KC_LAC,LAC,FB,19.0,0.0,5.0,0.29,0.0,0.2
,2025_01_KC_LAC,LAC,OL,16.0,0.0,5.0,0.25,0.0,0.2
,2025_01_KC_LAC,LAC,WR,14.0,0.0,0.0,0.22,0.0,0.0
,2025_01_KC_LAC,LAC,RB,12.0,0.0,0.0,0.18,0.0,0.0
,2025_01_KC_LAC,LAC,WR,8.0,0.0,7.0,0.12,0.0,0.28
,2025_01_KC_LAC,LAC,WR,5.0,0.0,5.0,0.08,0.0,0.2
,2025_01_KC_LAC,LAC,RB,1.0,0.0,15.0,0.02,0.0,0.6
,2025_01_KC_LAC,LAC,T,1.0,0.0,1.0,0.02,0.0,0.04
,2025_01_KC_LAC,LAC,S,0.0,61.0,7.0,0.0,1.0,0.28
,2025_01_KC_LAC,LAC,LB,0.0,61.0,4.0,0.0,1.0,0.16
,2025_01_KC_LAC,LAC,S,0.0,61.0,2.0,0.0,1.0,0.08
,2025_01_KC_LAC,LAC,CB,0.0,60.0,5.0,0.0,0.98,0.2
,2025_01_KC_LAC,LAC,DB,0.0,55.0,4.0,0.0,0.9,0.16
,2025_01_KC_LAC,LAC,LB,0.0,47.0,7.0,0.0,0.77,0.28
,2025_01_KC_LAC,LAC,CB,0.0,45.0,3.0,0.0,0.74,0.12
,2025_01_KC_LAC,LAC,LB,0.0,45.0,1.0,0.0,0.74,0.04
,2025_01_KC_LAC,LAC,CB,0.0,39.0,15.0,0.0,0.64,0.6
,2025_01_KC_LAC,LAC,DL,0.0,35.0,5.0,0.0,0.57,0.2
,2025_01_KC_LAC,LAC,LB,0.0,33.0,18.0,0.0,0.54,0.72
,2025_01_KC_LAC,LAC,DL,0.0,26.0,3.0,0.0,0.43,0.12
,2025_01_KC_LAC,LAC,DT,0.0,25.0,1.0,0.0,0.41,0.04
,2025_01_KC_LAC,LAC,LB,0.0,24.0,4.0,0.0,0.39,0.16
,2025_01_KC_LAC,LAC,DL,0.0,18.0,3.0,0.0,0.3,0.12
,2025_01_KC_LAC,LAC,LB,0.0,14.0,16.0,0.0,0.23,0.64
,2025_01_KC_LAC,LAC,DL,0.0,10.0,8.0,0.0,0.16,0.32
,2025_01_KC_LAC,LAC,LB,0.0,8.0,0.0,0.0,0.13,0.0
,2025_01_KC_LAC,LAC,CB,0.0,4.0,17.0,0.0,0.07,0.68
,2025_01_KC_LAC,LAC,LB,0.0,0.0,15.0,0.0,0.0,0.6
,2025_01_KC_LAC,LAC,LB,0.0,0.0,15.0,0.0,0.0,0.6
,2025_01_KC_LAC,LAC,DB,0.0,0.0,15.0,0.0,0.0,0.6
,2025_01_KC_LAC,LAC,S,0.0,0.0,13.0,0.0,0.0,0.52
,2025_01_KC_LAC,LAC,K,0.0,0.0,11.0,0.0,0.0,0.44
,2025_01_KC_LAC,LAC,P,0.0,0.0,7.0,0.0,0.0,0.28
,2025_01_KC_LAC,LAC,LS,0.0,0.0,7.0,0.0,0.0,0.28
,2025_01_KC_LAC,LAC,C,0.0,0.0,5.0,0.0,0.0,0.2
,2025_01_KC_LAC,KC,C,61.0,0.0,4.0,1.0,0.0,0.16
,2025_01_KC_LAC,KC,T,61.0,0.0,4.0,1.0,0.0,0.16
,2025_01_KC_LAC,KC,G,61.0,0.0,4.0,1.0,0.0,0.16
,2025_01_KC_LAC,KC,T,61.0,0.0,4.0,1.0,0.0,0.16
,2025_01_KC_LAC,KC,QB,61.0,0.0,0.0,1.0,0.0,0.0
,2025_01_KC_LAC,KC,T,61.0,0.0,0.0,1.0,0.0,0.0
,2025_01_KC_LAC,KC,WR,57.0,0.0,0.0,0.93,0.0,0.0
,2025_01_KC_LAC,KC,TE,51.0,0.0,0.0,0.84,0.0,0.0
,2025_01_KC_LAC,KC,WR,49.0,0.0,0.0,0.8,0.0,0.0
,2025_01_KC_LAC,KC,WR,44.0,0.0,3.0,0.72,0.0,0.12
,2025_01_KC_LAC,KC,RB,31.0,0.0,0.0,0.51,0.0,0.0
,2025_01_KC_LAC,KC,TE,25.0,0.0,4.0,0.41,0.0,0.16
,2025_01_KC_LAC,KC,RB,23.0,0.0,0.0,0.38,0.0,0.0
,2025_01_KC_LAC,KC,RB,8.0,0.0,4.0,0.13,0.0,0.16
,2025_01_KC_LAC,KC,WR,6.0,0.0,5.0,0.1,0.0,0.2
,2025_01_KC_LAC,KC,TE,5.0,0.0,1.0,0.08,0.0,0.04
,2025_01_KC_LAC,KC,WR,3.0,0.0,0.0,0.05,0.0,0.0
,2025_01_KC_LAC,KC,OL,2.0,0.0,4.0,0.03,0.0,0.16
,2025_01_KC_LAC,KC,WR,1.0,0.0,8.0,0.02,0.0,0.32
,2025_01_KC_LAC,KC,S,0.0,65.0,8.0,0.0,1.0,0.32
,2025_01_KC_LAC,KC,LB,0.0,65.0,5.0,0.0,1.0,0.2
,2025_01_KC_LAC,KC,CB,0.0,65.0,0.0,0.0,1.0,0.0
,2025_01_KC_LAC,KC,DB,0.0,64.0,7.0,0.0,0.98,0.28
,2025_01_KC_LAC,KC,CB,0.0,64.0,0.0,0.0,0.98,0.0
,2025_01_KC_LAC,KC,DE,0.0,55.0,5.0,0.0,0.85,0.2
,2025_01_KC_LAC,KC,LB,0.0,54.0,5.0,0.0,0.83,0.2
,2025_01_KC_LAC,KC,DT,0.0,51.0,0.0,0.0,0.78,0.0
,2025_01_KC_LAC,KC,DE,0.0,44.0,5.0,0.0,0.68,0.2
,2025_01_KC_LAC,KC,DB,0.0,39.0,16.0,0.0,0.6,0.64
,2025_01_KC_LAC,KC,DE,0.0,38.0,0.0,0.0,0.58,0.0
,2025_01_KC_LAC,KC,DL,0.0,30.0,5.0,0.0,0.46,0.2
,2025_01_KC_LAC,KC,DT,0.0,26.0,5.0,0.0,0.4,0.2
,2025_01_KC_LAC,KC,LB,0.0,23.0,16.0,0.0,0.35,0.64
,2025_01_KC_LAC,KC,CB,0.0,15.0,0.0,0.0,0.23,0.0
,2025_01_KC_LAC,KC,DE,0.0,9.0,12.0,0.0,0.14,0.48
,2025_01_KC_LAC,KC,LB,0.0,5.0,21.0,0.0,0.08,0.84
,2025_01_KC_LAC,KC,DT,0.0,3.0,0.0,0.0,0.05,0.0
,2025_01_KC_LAC,KC,CB,0.0,0.0,21.0,0.0,0.0,0.84
,2025_01_KC_LAC,KC,DB,0.0,0.0,20.0,0.0,0.0,0.8
,2025_01_KC_LAC,KC,LB,0.0,0.0,16.0,0.0,0.0,0.64
,2025_01_KC_LAC,KC,LB,0.0,0.0,16.0,0.0,0.0,0.64
,2025_01_KC_LAC,KC,CB,0.0,0.0,16.0,0.0,0.0,0.64
,2025_01_KC_LAC,KC,K,0.0,0.0,9.0,0.0,0.0,0.36
,2025_01_KC_LAC,KC,LS,0.0,0.0,7.0,0.0,0.0,0.28
,2025_01_KC_LAC,KC,P,0.0,0.0,7.0,0.0,0.0,0.28
,2025_01_KC_LAC,KC,OL,0.0,0.0,4.0,0.0,0.0,0.16
,2025_01_KC_LAC,KC,OL,0.0,0.0,4.0,0.0,0.0,0.16
,2025_01_LV_NE,NE,OL,71.0,0.0,4.0,1.0,0.0,0.14
,2025_01_LV_NE,NE,T,71.0,0.0,4.0,1.0,0.0,0.14
,2025_01_LV_NE,NE,OL,71.0,0.0,4.0,1.0,0.0,0.14
,2025_01_LV_NE,NE,QB,71.0,0.0,0.0,1.0,0.0,0.0
,2025_01_LV_NE,NE,T,71.0,0.0,0.0,1.0,0.0,0.0
,2025_01_LV_NE,NE,C,71.0,0.0,0.0,1.0,0.0,0.0
,2025_01_LV_NE,NE,TE,66.0,0.0,0.0,0.93,0.0,0.0
,2025_01_LV_NE,NE,WR,58.0,0.0,0.0,0.82,0.0,0.0
,2025_01_LV_NE,NE,RB,46.0,0.0,0.0,0.65,0.0,0.0
,2025_01_LV_NE,NE,WR,45.0,0.0,0.0,0.63,0.0,0.0
,2025_01_LV_NE,NE,WR,40.0,0.0,9.0,0.56,0.0,0.31
,2025_01_LV_NE,NE,WR,29.0,8.0,4.0,0.41,0.13,0.14
,2025_01_LV_NE,NE,RB,25.0,0.0,5.0,0.35,0.0,0.17
,2025_01_LV_NE,NE,TE,23.0,0.0,4.0,0.32,0.0,0.14
,2025_01_LV_NE,NE,WR,7.0,0.0,0.0,0.1,0.0,0.0
,2025_01_LV_NE,NE,RB,5.0,0.0,5.0,0.07,0.0,0.17
,2025_01_LV_NE,NE,FB,2.0,0.0,10.0,0.03,0.0,0.34
,2025_01_LV_NE,NE,S,0.0,63.0,9.0,0.0,1.0,0.31
,2025_01_LV_NE,NE,S,0.0,63.0,6.0,0.0,1.0,0.21
,2025_01_LV_NE,NE,LB,0.0,63.0,6.0,0.0,1.0,0.21
,2025_01_LV_NE,NE,CB,0.0,63.0,0.0,0.0,1.0,0.0
,2025_01_LV_NE,NE,CB,0.0,63.0,0.0,0.0,1.0,0.0
,2025_01_LV_NE,NE,DT,0.0,49.0,5.0,0.0,0.78,0.17
,2025_01_LV_NE,NE,LB,0.0,48.0,0.0,0.0,0.76,0.0
,2025_01_LV_NE,NE,DT,0.0,47.0,5.0,0.0,0.75,0.17
,2025_01_LV_NE,NE,LB,0.0,44.0,17.0,0.0,0.7,0.59
,2025_01_LV_NE,NE,LB,0.0,44.0,15.0,0.0,0.7,0.52
,2025_01_LV_NE,NE,CB,0.0,40.0,5.0,0.0,0.63,0.17
,2025_01_LV_NE,NE,DE,0.0,29.0,9.0,0.0,0.46,0.31
,2025_01_LV_NE,NE,DL,0.0,27.0,0.0,0.0,0.43,0.0
,2025_01_LV_NE,NE,DT,0.0,13.0,0.0,0.0,0.21,0.0
,2025_01_LV_NE,NE,LB,0.0,8.0,25.0,0.0,0.13,0.86
,2025_01_LV_NE,NE,S,0.0,8.0,19.0,0.0,0.13,0.66
,2025_01_LV_NE,NE,S,0.0,7.0,9.0,0.0,0.11,0.31
,2025_01_LV_NE,NE,DL,0.0,7.0,0.0,0.0,0.11,0.0
,2025_01_LV_NE,NE,LB,0.0,5.0,19.0,0.0,0.08,0.66
,2025_01_LV_NE,NE,CB,0.0,2.0,5.0,0.0,0.03,0.17
,2025_01_LV_NE,NE,S,0.0,0.0,25.0,0.0,0.0,0.86
,2025_01_LV_NE,NE,LB,0.0,0.0,20.0,0.0,0.0,0.69
,2025_01_LV_NE,NE,DB,0.0,0.0,20.0,0.0,0.0,0.69
,2025_01_LV_NE,NE,LB,0.0,0.0,14.0,0.0,0.0,0.48
,2025_01_LV_NE,NE,LS,0.0,0.0,10.0,0.0,0.0,0.34
,2025_01_LV_NE,NE,P,0.0,0.0,10.0,0.0,0.0,0.34
,2025_01_LV_NE,NE,K,0.0,0.0,8.0,0.0,0.0,0.28
,2025_01_LV_NE,NE,C,0.0,0.0,4.0,0.0,0.0,0.14
,2025_01_LV_NE,NE,T,0.0,0.0,4.0,0.0,0.0,0.14
,2025_01_LV_NE,NE,T,0.0,0.0,4.0,0.0,0.0,0.14
,2025_01_LV_NE,LV,C,63.0,0.0,5.0,1.0,0.0,0.17
,2025_01_LV_NE,LV,T,63.0,0.0,5.0,1.0,0.0,0.17
,2025_01_LV_NE,LV,G,63.0,0.0,5.0,1.0,0.0,0.17
,2025_01_LV_NE,LV,G,63.0,0.0,5.0,1.0,0.0,0.17
,2025_01_LV_NE,LV,T,63.0,0.0,5.0,1.0,0.0,0.17
,2025_01_LV_NE,LV,QB,63.0,0.0,0.0,1.0,0.0,0.0
,2025_01_LV_NE,LV,WR,59.0,0.0,1.0,0.94,0.0,0.03
,2025_01_LV_NE,LV,WR,57.0,0.0,7.0,0.9,0.0,0.24
,2025_01_LV_NE,LV,RB,54.0,0.0,1.0,0.86,0.0,0.03
,2025_01_LV_NE,LV,TE,40.0,0.0,11.0,0.63,0.0,0.38
,2025_01_LV_NE,LV,WR,38.0,0.0,0.0,0.6,0.0,0.0
,2025_01_LV_NE,LV,TE,32.0,0.0,0.0,0.51,0.0,0.0
,2025_01_LV_NE,LV,TE,20.0,0.0,4.0,0.32,0.0,0.14
,2025_01_LV_NE,LV,RB,9.0,0.0,8.0,0.14,0.0,0.28
,2025_01_LV_NE,LV,DT,4.0,11.0,9.0,0.06,0.15,0.31
,2025_01_LV_NE,LV,WR,4.0,0.0,9.0,0.06,0.0,0.31
,2025_01_LV_NE,LV,WR,2.0,0.0,15.0,0.03,0.0,0.52
,2025_01_LV_NE,LV,DE,0.0,71.0,7.0,0.0,1.0,0.24
,2025_01_LV_NE,LV,S,0.0,71.0,6.0,0.0,1.0,0.21
,2025_01_LV_NE,LV,CB,0.0,71.0,0.0,0.0,1.0,0.0
,2025_01_LV_NE,LV,S,0.0,71.0,0.0,0.0,1.0,0.0
,2025_01_LV_NE,LV,LB,0.0,71.0,0.0,0.0,1.0,0.0
,2025_01_LV_NE,LV,CB,0.0,71.0,0.0,0.0,1.0,0.0
,2025_01_LV_NE,LV,LB,0.0,65.0,0.0,0.0,0.92,0.0
,2025_01_LV_NE,LV,DT,0.0,61.0,4.0,0.0,0.86,0.14
,2025_01_LV_NE,LV,DT,0.0,42.0,4.0,0.0,0.59,0.14
,2025_01_LV_NE,LV,DE,0.0,38.0,0.0,0.0,0.54,0.0
,2025_01_LV_NE,LV,DE,0.0,32.0,15.0,0.0,0.45,0.52
,2025_01_LV_NE,LV,DT,0.0,29.0,7.0,0.0,0.41,0.24
,2025_01_LV_NE,LV,CB,0.0,26.0,3.0,0.0,0.37,0.1
,2025_01_LV_NE,LV,LB,0.0,25.0,0.0,0.0,0.35,0.0
,2025_01_LV_NE,LV,LB,0.0,14.0,24.0,0.0,0.2,0.83
,2025_01_LV_NE,LV,LB,0.0,11.0,0.0,0.0,0.15,0.0
,2025_01_LV_NE,LV,S,0.0,1.0,1.0,0.0,0.01,0.03
,2025_01_LV_NE,LV,LB,0.0,0.0,24.0,0.0,0.0,0.83
,2025_01_LV_NE,LV,CB,0.0,0.0,20.0,0.0,0.0,0.69
,2025_01_LV_NE,LV,CB,0.0,0.0,20.0,0.0,0.0,0.69
,2025_01_LV_NE,LV,RB,0.0,0.0,15.0,0.0,0.0,0.52
,2025_01_LV_NE,LV,S,0.0,0.0,15.0,0.0,0.0,0.52
,2025_01_LV_NE,LV,DE,0.0,0.0,15.0,0.0,0.0,0.52
,2025_01_LV_NE,LV,WR,0.0,0.0,11.0,0.0,0.0,0.38
,2025_01_LV_NE,LV,P,0.0,0.0,10.0,0.0,0.0,0.34
,2025_01_LV_NE,LV,K,0.0,0.0,10.0,0.0,0.0,0.34
,2025_01_LV_NE,LV,LS,0.0,0.0,10.0,0.0,0.0,0.34
,2025_01_LV_NE,LV,OL,0.0,0.0,5.0,0.0,0.0,0.17
,2025_01_LV_NE,LV,G,0.0,0.0,5.0,0.0,0.0,0.17
,2025_01_MIA_IND,IND,T,73.0,0.0,7.0,1.0,0.0,0.39
,2025_01_MIA_IND,IND,G,73.0,0.0,7.0,1.0,0.0,0.39
,2025_01_MIA_IND,IND,C,73.0,0.0,0.0,1.0,0.0,0.0
,2025_01_MIA_IND,IND,QB,73.0,0.0,0.0,1.0,0.0,0.0
,2025_01_MIA_IND,IND,G,67.0,0.0,0.0,0.92,0.0,0.0
,2025_01_MIA_IND,IND,T,67.0,0.0,0.0,0.92,0.0,0.0
,2025_01_MIA_IND,IND,WR,60.0,0.0,1.0,0.82,0.0,0.06
,2025_01_MIA_IND,IND,WR,58.0,0.0,1.0,0.79,0.0,0.06
,2025_01_MIA_IND,IND,TE,53.0,0.0,1.0,0.73,0.0,0.06
,2025_01_MIA_IND,IND,RB,52.0,0.0,0.0,0.71,0.0,0.0
,2025_01_MIA_IND,IND,WR,36.0,0.0,0.0,0.49,0.0,0.0
,2025_01_MIA_IND,IND,TE,33.0,0.0,9.0,0.45,0.0,0.5
,2025_01_MIA_IND,IND,TE,27.0,0.0,17.0,0.37,0.0,0.94
,2025_01_MIA_IND,IND,RB,18.0,0.0,0.0,0.25,0.0,0.0
,2025_01_MIA_IND,IND,WR,15.0,0.0,0.0,0.21,0.0,0.0
,2025_01_MIA_IND,IND,WR,10.0,0.0,11.0,0.14,0.0,0.61
,2025_01_MIA_IND,IND,T,7.0,0.0,7.0,0.1,0.0,0.39
,2025_01_MIA_IND,IND,G,6.0,0.0,7.0,0.08,0.0,0.39
,2025_01_MIA_IND,IND,RB,2.0,0.0,0.0,0.03,0.0,0.0
,2025_01_MIA_IND,IND,CB,0.0,45.0,1.0,0.0,0.94,0.06
,2025_01_MIA_IND,IND,CB,0.0,45.0,0.0,0.0,0.94,0.0
,2025_01_MIA_IND,IND,LB,0.0,39.0,1.0,0.0,0.81,0.06
,2025_01_MIA_IND,IND,S,0.0,39.0,1.0,0.0,0.81,0.06
,2025_01_MIA_IND,IND,S,0.0,39.0,0.0,0.0,0.81,0.0
,2025_01_MIA_IND,IND,DT,0.0,33.0,0.0,0.0,0.69,0.0
,2025_01_MIA_IND,IND,DE,0.0,32.0,0.0,0.0,0.67,0.0
,2025_01_MIA_IND,IND,CB,0.0,32.0,0.0,0.0,0.67,0.0
,2025_01_MIA_IND,IND,DE,0.0,30.0,0.0,0.0,0.62,0.0
,2025_01_MIA_IND,IND,DT,0.0,27.0,7.0,0.0,0.56,0.39
,2025_01_MIA_IND,IND,LB,0.0,22.0,11.0,0.0,0.46,0.61
,2025_01_MIA_IND,IND,LB,0.0,22.0,10.0,0.0,0.46,0.56
,2025_01_MIA_IND,IND,CB,0.0,22.0,5.0,0.0,0.46,0.28
,2025_01_MIA_IND,IND,DE,0.0,22.0,0.0,0.0,0.46,0.0
,2025_01_MIA_IND,IND,DE,0.0,18.0,0.0,0.0,0.38,0.0
,2025_01_MIA_IND,IND,DT,0.0,13.0,10.0,0.0,0.27,0.56
,2025_01_MIA_IND,IND,DT,0.0,13.0,0.0,0.0,0.27,0.0
,2025_01_MIA_IND,IND,S,0.0,10.0,9.0,0.0,0.21,0.5
,2025_01_MIA_IND,IND,LB,0.0,9.0,10.0,0.0,0.19,0.56
,2025_01_MIA_IND,IND,S,0.0,9.0,9.0,0.0,0.19,0.5
,2025_01_MIA_IND,IND,DT,0.0,7.0,0.0,0.0,0.15,0.0
,2025_01_MIA_IND,IND,K,0.0,0.0,14.0,0.0,0.0,0.78
,2025_01_MIA_IND,IND,LB,0.0,0.0,10.0,0.0,0.0,0.56
,2025_01_MIA_IND,IND,LS,0.0,0.0,9.0,0.0,0.0,0.5
,2025_01_MIA_IND,IND,P,0.0,0.0,8.0,0.0,0.0,0.44
,2025_01_MIA_IND,IND,C,0.0,0.0,7.0,0.0,0.0,0.39
,2025_01_MIA_IND,IND,WR,0.0,0.0,2.0,0.0,0.0,0.11
,2025_01_MIA_IND,MIA,T,48.0,0.0,0.0,1.0,0.0,0.0
,2025_01_MIA_IND,MIA,OL,48.0,0.0,0.0,1.0,0.0,0.0
,2025_01_MIA_IND,MIA,OL,48.0,0.0,0.0,1.0,0.0,0.0
,2025_01_MIA_IND,MIA,T,45.0,0.0,0.0,0.94,0.0,0.0
,2025_01_MIA_IND,MIA,QB,39.0,0.0,0.0,0.81,0.0,0.0
,2025_01_MIA_IND,MIA,OL,38.0,0.0,0.0,0.79,0.0,0.0
,2025_01_MIA_IND,MIA,RB,35.0,0.0,0.0,0.73,0.0,0.0
,2025_01_MIA_IND,MIA,WR,31.0,0.0,0.0,0.65,0.0,0.0
,2025_01_MIA_IND,MIA,WR,30.0,0.0,0.0,0.62,0.0,0.0
,2025_01_MIA_IND,MIA,WR,28.0,0.0,8.0,0.58,0.0,0.44
,2025_01_MIA_IND,MIA,TE,28.0,0.0,8.0,0.58,0.0,0.44
,2025_01_MIA_IND,MIA,TE,28.0,0.0,7.0,0.58,0.0,0.39
,2025_01_MIA_IND,MIA,WR,21.0,0.0,10.0,0.44,0.0,0.56
,2025_01_MIA_IND,MIA,FB,13.0,0.0,8.0,0.27,0.0,0.44
,2025_01_MIA_IND,MIA,WR,13.0,0.0,7.0,0.27,0.0,0.39
,2025_01_MIA_IND,MIA,RB,12.0,0.0,1.0,0.25,0.0,0.06
,2025_01_MIA_IND,MIA,OL,10.0,0.0,0.0,0.21,0.0,0.0
,2025_01_MIA_IND,MIA,QB,9.0,0.0,0.0,0.19,0.0,0.0
,2025_01_MIA_IND,MIA,OL,3.0,0.0,0.0,0.06,0.0,0.0
,2025_01_MIA_IND,MIA,RB,2.0,0.0,0.0,0.04,0.0,0.0
,2025_01_MIA_IND,MIA,S,0.0,73.0,8.0,0.0,1.0,0.44
,2025_01_MIA_IND,MIA,LB,0.0,73.0,8.0,0.0,1.0,0.44
,2025_01_MIA_IND,MIA,LB,0.0,73.0,0.0,0.0,1.0,0.0
,2025_01_MIA_IND,MIA,DT,0.0,54.0,7.0,0.0,0.74,0.39
,2025_01_MIA_IND,MIA,S,0.0,50.0,16.0,0.0,0.68,0.89
,2025_01_MIA_IND,MIA,DT,0.0,44.0,7.0,0.0,0.6,0.39
,2025_01_MIA_IND,MIA,CB,0.0,44.0,2.0,0.0,0.6,0.11
,2025_01_MIA_IND,MIA,LB,0.0,40.0,7.0,0.0,0.55,0.39
,2025_01_MIA_IND,MIA,LB,0.0,40.0,0.0,0.0,0.55,0.0
,2025_01_MIA_IND,MIA,LB,0.0,37.0,8.0,0.0,0.51,0.44
,2025_01_MIA_IND,MIA,CB,0.0,34.0,5.0,0.0,0.47,0.28
,2025_01_MIA_IND,MIA,LB,0.0,33.0,2.0,0.0,0.45,0.11
,2025_01_MIA_IND,MIA,DT,0.0,33.0,2.0,0.0,0.45,0.11
,2025_01_MIA_IND,MIA,CB,0.0,29.0,3.0,0.0,0.4,0.17
,2025_01_MIA_IND,MIA,S,0.0,22.0,9.0,0.0,0.3,0.5
,2025_01_MIA_IND,MIA,DT,0.0,20.0,5.0,0.0,0.27,0.28
,2025_01_MIA_IND,MIA,DT,0.0,20.0,0.0,0.0,0.27,0.0
,2025_01_MIA_IND,MIA,S,0.0,11.0,14.0,0.0,0.15,0.78
,2025_01_MIA_IND,MIA,LB,0.0,0.0,11.0,0.0,0.0,0.61
,2025_01_MIA_IND,MIA,LB,0.0,0.0,11.0,0.0,0.0,0.61
,2025_01_MIA_IND,MIA,DB,0.0,0.0,11.0,0.0,0.0,0.61
,2025_01_MIA_IND,MIA,LB,0.0,0.0,9.0,0.0,0.0,0.5
,2025_01_MIA_IND,MIA,CB,0.0,0.0,6.0,0.0,0.0,0.33
,2025_01_MIA_IND,MIA,K,0.0,0.0,2.0,0.0,0.0,0.11
,2025_01_MIA_IND,MIA,LS,0.0,0.0,1.0,0.0,0.0,0.06
,2025_01_MIA_IND,MIA,P,0.0,0.0,1.0,0.0,0.0,0.06
,2025_01_MIN_CHI,CHI,QB,67.0,0.0,0.0,1.0,0.0,0.0
,2025_01_MIN_CHI,CHI,OL,67.0,0.0,0.0,1.0,0.0,0.0
,2025_01_MIN_CHI,CHI,OL,66.0,0.0,5.0,0.99,0.0,0.16
,2025_01_MIN_CHI,CHI,OL,66.0,0.0,5.0,0.99,0.0,0.16
,2025_01_MIN_CHI,CHI,OL,66.0,0.0,5.0,0.99,0.0,0.16
,2025_01_MIN_CHI,CHI,OL,66.0,0.0,0.0,0.99,0.0,0.0
,2025_01_MIN_CHI,CHI,WR,63.0,0.0,0.0,0.94,0.0,0.0
,2025_01_MIN_CHI,CHI,TE,60.0,0.0,5.0,0.9,0.0,0.16
,2025_01_MIN_CHI,CHI,WR,56.0,0.0,0.0,0.84,0.0,0.0
,2025_01_MIN_CHI,CHI,RB,54.0,0.0,0.0,0.81,0.0,0.0
,2025_01_MIN_CHI,CHI,TE,38.0,0.0,0.0,0.57,0.0,0.0
,2025_01_MIN_CHI,CHI,WR,30.0,0.0,0.0,0.45,0.0,0.0
,2025_01_MIN_CHI,CHI,WR,18.0,0.0,6.0,0.27,0.0,0.19
,2025_01_MIN_CHI,CHI,RB,9.0,0.0,0.0,0.13,0.0,0.0
,2025_01_MIN_CHI,CHI,TE,7.0,0.0,19.0,0.1,0.0,0.59
,2025_01_MIN_CHI,CHI,OL,4.0,0.0,0.0,0.06,0.0,0.0
,2025_01_MIN_CHI,CHI,DB,0.0,56.0,5.0,0.0,1.0,0.16
,2025_01_MIN_CHI,CHI,LB,0.0,56.0,2.0,0.0,1.0,0.06
,2025_01_MIN_CHI,CHI,DB,0.0,56.0,0.0,0.0,1.0,0.0
,2025_01_MIN_CHI,CHI,LB,0.0,55.0,5.0,0.0,0.98,0.16
,2025_01_MIN_CHI,CHI,DB,0.0,54.0,5.0,0.0,0.96,0.16
,2025_01_MIN_CHI,CHI,DB,0.0,52.0,2.0,0.0,0.93,0.06
,2025_01_MIN_CHI,CHI,DB,0.0,46.0,15.0,0.0,0.82,0.47
,2025_01_MIN_CHI,CHI,DL,0.0,46.0,5.0,0.0,0.82,0.16
,2025_01_MIN_CHI,CHI,DL,0.0,46.0,2.0,0.0,0.82,0.06
,2025_01_MIN_CHI,CHI,DL,0.0,43.0,2.0,0.0,0.77,0.06
,2025_01_MIN_CHI,CHI,DL,0.0,35.0,4.0,0.0,0.62,0.12
,2025_01_MIN_CHI,CHI,DL,0.0,21.0,3.0,0.0,0.38,0.09
,2025_01_MIN_CHI,CHI,DL,0.0,13.0,3.0,0.0,0.23,0.09
,2025_01_MIN_CHI,CHI,DL,0.0,11.0,0.0,0.0,0.2,0.0
,2025_01_MIN_CHI,CHI,DL,0.0,10.0,16.0,0.0,0.18,0.5
,2025_01_MIN_CHI,CHI,DB,0.0,8.0,23.0,0.0,0.14,0.72
,2025_01_MIN_CHI,CHI,LB,0.0,8.0,19.0,0.0,0.14,0.59
,2025_01_MIN_CHI,CHI,DL,0.0,0.0,25.0,0.0,0.0,0.78
,2025_01_MIN_CHI,CHI,DB,0.0,0.0,25.0,0.0,0.0,0.78
,2025_01_MIN_CHI,CHI,WR,0.0,0.0,22.0,0.0,0.0,0.69
,2025_01_MIN_CHI,CHI,DB,0.0,0.0,22.0,0.0,0.0,0.69
,2025_01_MIN_CHI,CHI,LB,0.0,0.0,22.0,0.0,0.0,0.69
,2025_01_MIN_CHI,CHI,LB,0.0,0.0,22.0,0.0,0.0,0.69
,2025_01_MIN_CHI,CHI,LS,0.0,0.0,11.0,0.0,0.0,0.34
,2025_01_MIN_CHI,CHI,P,0.0,0.0,11.0,0.0,0.0,0.34
,2025_01_MIN_CHI,CHI,WR,0.0,0.0,11.0,0.0,0.0,0.34
,2025_01_MIN_CHI,CHI,K,0.0,0.0,10.0,0.0,0.0,0.31
,2025_01_MIN_CHI,CHI,OL,0.0,0.0,5.0,0.0,0.0,0.16
,2025_01_MIN_CHI,CHI,OL,0.0,0.0,5.0,0.0,0.0,0.16
,2025_01_MIN_CHI,CHI,OL,0.0,0.0,5.0,0.0,0.0,0.16
,2025_01_MIN_CHI,MIN,T,56.0,0.0,3.0,1.0,0.0,0.09
,2025_01_MIN_CHI,MIN,T,56.0,0.0,3.0,1.0,0.0,0.09
,2025_01_MIN_CHI,MIN,G,56.0,0.0,3.0,1.0,0.0,0.09
,2025_01_MIN_CHI,MIN,OL,56.0,0.0,3.0,1.0,0.0,0.09
,2025_01_MIN_CHI,MIN,QB,56.0,0.0,0.0,1.0,0.0,0.0
,2025_01_MIN_CHI,MIN,C,56.0,0.0,0.0,1.0,0.0,0.0
,2025_01_MIN_CHI,MIN,WR,55.0,0.0,0.0,0.98,0.0,0.0
,2025_01_MIN_CHI,MIN,WR,49.0,0.0,0.0,0.88,0.0,0.0
,2025_01_MIN_CHI,MIN,TE,45.0,0.0,0.0,0.8,0.0,0.0
,2025_01_MIN_CHI,MIN,WR,32.0,0.0,0.0,0.57,0.0,0.0
,2025_01_MIN_CHI,MIN,RB,30.0,0.0,0.0,0.54,0.0,0.0
,2025_01_MIN_CHI,MIN,RB,28.0,0.0,0.0,0.5,0.0,0.0
,2025_01_MIN_CHI,MIN,TE,27.0,0.0,8.0,0.48,0.0,0.25
,2025_01_MIN_CHI,MIN,TE,10.0,0.0,4.0,0.18,0.0,0.12
,2025_01_MIN_CHI,MIN,WR,3.0,0.0,14.0,0.05,0.0,0.44
,2025_01_MIN_CHI,MIN,G,1.0,0.0,3.0,0.02,0.0,0.09
,2025_01_MIN_CHI,MIN,CB,0.0,67.0,5.0,0.0,1.0,0.16
,2025_01_MIN_CHI,MIN,S,0.0,67.0,5.0,0.0,1.0,0.16
,2025_01_MIN_CHI,MIN,S,0.0,67.0,2.0,0.0,1.0,0.06
,2025_01_MIN_CHI,MIN,CB,0.0,67.0,0.0,0.0,1.0,0.0
,2025_01_MIN_CHI,MIN,LB,0.0,62.0,0.0,0.0,0.93,0.0
,2025_01_MIN_CHI,MIN,LB,0.0,61.0,0.0,0.0,0.91,0.0
,2025_01_MIN_CHI,MIN,DL,0.0,52.0,0.0,0.0,0.78,0.0
,2025_01_MIN_CHI,MIN,LB,0.0,47.0,16.0,0.0,0.7,0.5
,2025_01_MIN_CHI,MIN,DL,0.0,45.0,0.0,0.0,0.67,0.0
,2025_01_MIN_CHI,MIN,LB,0.0,43.0,0.0,0.0,0.64,0.0
,2025_01_MIN_CHI,MIN,DL,0.0,32.0,5.0,0.0,0.48,0.16
,2025_01_MIN_CHI,MIN,LB,0.0,29.0,17.0,0.0,0.43,0.53
,2025_01_MIN_CHI,MIN,LB,0.0,25.0,29.0,0.0,0.37,0.91
,2025_01_MIN_CHI,MIN,S,0.0,25.0,22.0,0.0,0.37,0.69
,2025_01_MIN_CHI,MIN,DL,0.0,20.0,5.0,0.0,0.3,0.16
,2025_01_MIN_CHI,MIN,CB,0.0,16.0,0.0,0.0,0.24,0.0
,2025_01_MIN_CHI,MIN,DL,0.0,10.0,7.0,0.0,0.15,0.22
,2025_01_MIN_CHI,MIN,S,0.0,2.0,29.0,0.0,0.03,0.91
,2025_01_MIN_CHI,MIN,LB,0.0,0.0,29.0,0.0,0.0,0.91
,2025_01_MIN_CHI,MIN,LB,0.0,0.0,24.0,0.0,0.0,0.75
,2025_01_MIN_CHI,MIN,LB,0.0,0.0,23.0,0.0,0.0,0.72
,2025_01_MIN_CHI,MIN,WR,0.0,0.0,19.0,0.0,0.0,0.59
,2025_01_MIN_CHI,MIN,LB,0.0,0.0,16.0,0.0,0.0,0.5
,2025_01_MIN_CHI,MIN,RB,0.0,0.0,13.0,0.0,0.0,0.41
,2025_01_MIN_CHI,MIN,WR,0.0,0.0,11.0,0.0,0.0,0.34
,2025_01_MIN_CHI,MIN,P,0.0,0.0,10.0,0.0,0.0,0.31
,2025_01_MIN_CHI,MIN,LS,0.0,0.0,10.0,0.0,0.0,0.31
,2025_01_MIN_CHI,MIN,K,0.0,0.0,9.0,0.0,0.0,0.28
,2025_01_MIN_CHI,MIN,T,0.0,0.0,3.0,0.0,0.0,0.09
,2025_01_MIN_CHI,MIN,CB,0.0,0.0,2.0,0.0,0.0,0.06
,2025_01_NYG_WAS,WAS,G,70.0,0.0,3.0,1.0,0.0,0.13
,2025_01_NYG_WAS,WAS,T,70.0,0.0,3.0,1.0,0.0,0.13
,2025_01_NYG_WAS,WAS,T,70.0,0.0,3.0,1.0,0.0,0.13
,2025_01_NYG_WAS,WAS,T,70.0,0.0,3.0,1.0,0.0,0.13
,2025_01_NYG_WAS,WAS,C,70.0,0.0,0.0,1.0,0.0,0.0
,2025_01_NYG_WAS,WAS,QB,70.0,0.0,0.0,1.0,0.0,0.0
,2025_01_NYG_WAS,WAS,WR,55.0,0.0,0.0,0.79,0.0,0.0
,2025_01_NYG_WAS,WAS,WR,54.0,0.0,3.0,0.77,0.0,0.13
,2025_01_NYG_WAS,WAS,TE,45.0,0.0,0.0,0.64,0.0,0.0
,2025_01_NYG_WAS,WAS,TE,37.0,0.0,11.0,0.53,0.0,0.48
,2025_01_NYG_WAS,WAS,WR,33.0,0.0,0.0,0.47,0.0,0.0
,2025_01_NYG_WAS,WAS,RB,33.0,0.0,0.0,0.47,0.0,0.0
,2025_01_NYG_WAS,WAS,RB,23.0,0.0,0.0,0.33,0.0,0.0
,2025_01_NYG_WAS,WAS,WR,21.0,0.0,6.0,0.3,0.0,0.26
,2025_01_NYG_WAS,WAS,WR,19.0,0.0,8.0,0.27,0.0,0.35
,2025_01_NYG_WAS,WAS,RB,13.0,0.0,7.0,0.19,0.0,0.3
,2025_01_NYG_WAS,WAS,TE,8.0,0.0,8.0,0.11,0.0,0.35
,2025_01_NYG_WAS,WAS,WR,5.0,0.0,7.0,0.07,0.0,0.3
,2025_01_NYG_WAS,WAS,TE,4.0,0.0,17.0,0.06,0.0,0.74
,2025_01_NYG_WAS,WAS,S,0.0,68.0,6.0,0.0,1.0,0.26
,2025_01_NYG_WAS,WAS,LB,0.0,68.0,3.0,0.0,1.0,0.13
,2025_01_NYG_WAS,WAS,LB,0.0,68.0,2.0,0.0,1.0,0.09
,2025_01_NYG_WAS,WAS,S,0.0,67.0,1.0,0.0,0.99,0.04
,2025_01_NYG_WAS,WAS,CB,0.0,62.0,3.0,0.0,0.91,0.13
,2025_01_NYG_WAS,WAS,CB,0.0,58.0,1.0,0.0,0.85,0.04
,2025_01_NYG_WAS,WAS,CB,0.0,53.0,1.0,0.0,0.78,0.04
,2025_01_NYG_WAS,WAS,DT,0.0,45.0,3.0,0.0,0.66,0.13
,2025_01_NYG_WAS,WAS,DT,0.0,40.0,2.0,0.0,0.59,0.09
,2025_01_NYG_WAS,WAS,DE,0.0,40.0,2.0,0.0,0.59,0.09
,2025_01_NYG_WAS,WAS,DE,0.0,40.0,1.0,0.0,0.59,0.04
,2025_01_NYG_WAS,WAS,DE,0.0,28.0,9.0,0.0,0.41,0.39
,2025_01_NYG_WAS,WAS,LB,0.0,28.0,1.0,0.0,0.41,0.04
,2025_01_NYG_WAS,WAS,DT,0.0,26.0,0.0,0.0,0.38,0.0
,2025_01_NYG_WAS,WAS,DT,0.0,26.0,0.0,0.0,0.38,0.0
,2025_01_NYG_WAS,WAS,S,0.0,11.0,18.0,0.0,0.16,0.78
,2025_01_NYG_WAS,WAS,CB,0.0,8.0,10.0,0.0,0.12,0.43
,2025_01_NYG_WAS,WAS,CB,0.0,5.0,5.0,0.0,0.07,0.22
,2025_01_NYG_WAS,WAS,S,0.0,4.0,19.0,0.0,0.06,0.83
,2025_01_NYG_WAS,WAS,LB,0.0,2.0,17.0,0.0,0.03,0.74
,2025_01_NYG_WAS,WAS,S,0.0,1.0,17.0,0.0,0.01,0.74
,2025_01_NYG_WAS,WAS,LB,0.0,0.0,19.0,0.0,0.0,0.83
,2025_01_NYG_WAS,WAS,LS,0.0,0.0,8.0,0.0,0.0,0.35
,2025_01_NYG_WAS,WAS,P,0.0,0.0,8.0,0.0,0.0,0.35
,2025_01_NYG_WAS,WAS,K,0.0,0.0,7.0,0.0,0.0,0.3
,2025_01_NYG_WAS,WAS,G,0.0,0.0,3.0,0.0,0.0,0.13
,2025_01_NYG_WAS,WAS,C,0.0,0.0,3.0,0.0,0.0,0.13
,2025_01_NYG_WAS,WAS,G,0.0,0.0,3.0,0.0,0.0,0.13
,2025_01_NYG_WAS,NYG,G,68.0,0.0,2.0,1.0,0.0,0.09
,2025_01_NYG_WAS,NYG,OL,68.0,0.0,2.0,1.0,0.0,0.09
,2025_01_NYG_WAS,NYG,OL,68.0,0.0,2.0,1.0,0.0,0.09
,2025_01_NYG_WAS,NYG,QB,68.0,0.0,0.0,1.0,0.0,0.0
,2025_01_NYG_WAS,NYG,G,68.0,0.0,0.0,1.0,0.0,0.0
,2025_01_NYG_WAS,NYG,C,68.0,0.0,0.0,1.0,0.0,0.0
,2025_01_NYG_WAS,NYG,WR,66.0,0.0,0.0,0.97,0.0,0.0
,2025_01_NYG_WAS,NYG,WR,64.0,0.0,0.0,0.94,0.0,0.0
,2025_01_NYG_WAS,NYG,TE,53.0,0.0,0.0,0.78,0.0,0.0
,2025_01_NYG_WAS,NYG,WR,52.0,0.0,4.0,0.76,0.0,0.17
,2025_01_NYG_WAS,NYG,RB,50.0,0.0,0.0,0.74,0.0,0.0
,2025_01_NYG_WAS,NYG,TE,18.0,0.0,12.0,0.26,0.0,0.52
,2025_01_NYG_WAS,NYG,TE,15.0,0.0,15.0,0.22,0.0,0.65
,2025_01_NYG_WAS,NYG,RB,10.0,0.0,0.0,0.15,0.0,0.0
,2025_01_NYG_WAS,NYG,RB,8.0,0.0,0.0,0.12,0.0,0.0
,2025_01_NYG_WAS,NYG,WR,2.0,0.0,9.0,0.03,0.0,0.39
,2025_01_NYG_WAS,NYG,OL,2.0,0.0,0.0,0.03,0.0,0.0
,2025_01_NYG_WAS,NYG,S,0.0,70.0,6.0,0.0,1.0,0.26
,2025_01_NYG_WAS,NYG,S,0.0,70.0,3.0,0.0,1.0,0.13
,2025_01_NYG_WAS,NYG,CB,0.0,70.0,0.0,0.0,1.0,0.0
,2025_01_NYG_WAS,NYG,LB,0.0,68.0,3.0,0.0,0.97,0.13
,2025_01_NYG_WAS,NYG,CB,0.0,59.0,0.0,0.0,0.84,0.0
,2025_01_NYG_WAS,NYG,CB,0.0,59.0,0.0,0.0,0.84,0.0
,2025_01_NYG_WAS,NYG,LB,0.0,52.0,3.0,0.0,0.74,0.13
,2025_01_NYG_WAS,NYG,DL,0.0,49.0,2.0,0.0,0.7,0.09
,2025_01_NYG_WAS,NYG,DT,0.0,47.0,3.0,0.0,0.67,0.13
,2025_01_NYG_WAS,NYG,LB,0.0,47.0,1.0,0.0,0.67,0.04
,2025_01_NYG_WAS,NYG,LB,0.0,38.0,15.0,0.0,0.54,0.65
,2025_01_NYG_WAS,NYG,LB,0.0,38.0,5.0,0.0,0.54,0.22
,2025_01_NYG_WAS,NYG,DL,0.0,32.0,4.0,0.0,0.46,0.17
,2025_01_NYG_WAS,NYG,S,0.0,17.0,21.0,0.0,0.24,0.91
,2025_01_NYG_WAS,NYG,DL,0.0,15.0,4.0,0.0,0.21,0.17
,2025_01_NYG_WAS,NYG,DL,0.0,11.0,21.0,0.0,0.16,0.91
,2025_01_NYG_WAS,NYG,CB,0.0,11.0,8.0,0.0,0.16,0.35
,2025_01_NYG_WAS,NYG,LB,0.0,11.0,1.0,0.0,0.16,0.04
,2025_01_NYG_WAS,NYG,DL,0.0,6.0,0.0,0.0,0.09,0.0
,2025_01_NYG_WAS,NYG,LB,0.0,0.0,21.0,0.0,0.0,0.91
,2025_01_NYG_WAS,NYG,CB,0.0,0.0,21.0,0.0,0.0,0.91
,2025_01_NYG_WAS,NYG,LB,0.0,0.0,17.0,0.0,0.0,0.74
,2025_01_NYG_WAS,NYG,CB,0.0,0.0,14.0,0.0,0.0,0.61
,2025_01_NYG_WAS,NYG,WR,0.0,0.0,9.0,0.0,0.0,0.39
,2025_01_NYG_WAS,NYG,P,0.0,0.0,9.0,0.0,0.0,0.39
,2025_01_NYG_WAS,NYG,LS,0.0,0.0,8.0,0.0,0.0,0.35
,2025_01_NYG_WAS,NYG,K,0.0,0.0,4.0,0.0,0.0,0.17
,2025_01_NYG_WAS,NYG,OL,0.0,0.0,2.0,0.0,0.0,0.09
,2025_01_NYG_WAS,NYG,OL,0.0,0.0,2.0,0.0,0.0,0.09
,2025_01_PIT_NYJ,NYJ,C,64.0,0.0,5.0,1.0,0.0,0.16
,2025_01_PIT_NYJ,NYJ,C,64.0,0.0,5.0,1.0,0.0,0.16
,2025_01_PIT_NYJ,NYJ,T,64.0,0.0,5.0,1.0,0.0,0.16
,2025_01_PIT_NYJ,NYJ,OL,64.0,0.0,5.0,1.0,0.0,0.16
,2025_01_PIT_NYJ,NYJ,WR,64.0,0.0,0.0,1.0,0.0,0.0
,2025_01_PIT_NYJ,NYJ,QB,64.0,0.0,0.0,1.0,0.0,0.0
,2025_01_PIT_NYJ,NYJ,OL,63.0,0.0,5.0,0.98,0.0,0.16
,2025_01_PIT_NYJ,NYJ,WR,62.0,0.0,0.0,0.97,0.0,0.0
,2025_01_PIT_NYJ,NYJ,TE,56.0,0.0,0.0,0.88,0.0,0.0
,2025_01_PIT_NYJ,NYJ,RB,37.0,0.0,0.0,0.58,0.0,0.0
,2025_01_PIT_NYJ,NYJ,WR,33.0,0.0,0.0,0.52,0.0,0.0
,2025_01_PIT_NYJ,NYJ,TE,29.0,0.0,7.0,0.45,0.0,0.23
,2025_01_PIT_NYJ,NYJ,RB,20.0,0.0,0.0,0.31,0.0,0.0
,2025_01_PIT_NYJ,NYJ,RB,8.0,0.0,20.0,0.12,0.0,0.65
,2025_01_PIT_NYJ,NYJ,WR,6.0,0.0,5.0,0.09,0.0,0.16
,2025_01_PIT_NYJ,NYJ,FB,5.0,0.0,20.0,0.08,0.0,0.65
,2025_01_PIT_NYJ,NYJ,OL,1.0,0.0,0.0,0.02,0.0,0.0
,2025_01_PIT_NYJ,NYJ,S,0.0,56.0,12.0,0.0,1.0,0.39
,2025_01_PIT_NYJ,NYJ,LB,0.0,56.0,6.0,0.0,1.0,0.19
,2025_01_PIT_NYJ,NYJ,S,0.0,56.0,0.0,0.0,1.0,0.0
,2025_01_PIT_NYJ,NYJ,CB,0.0,56.0,0.0,0.0,1.0,0.0
,2025_01_PIT_NYJ,NYJ,CB,0.0,56.0,0.0,0.0,1.0,0.0
,2025_01_PIT_NYJ,NYJ,LB,0.0,56.0,0.0,0.0,1.0,0.0
,2025_01_PIT_NYJ,NYJ,LB,0.0,50.0,6.0,0.0,0.89,0.19
,2025_01_PIT_NYJ,NYJ,DL,0.0,43.0,6.0,0.0,0.77,0.19
,2025_01_PIT_NYJ,NYJ,CB,0.0,37.0,0.0,0.0,0.66,0.0
,2025_01_PIT_NYJ,NYJ,DL,0.0,34.0,0.0,0.0,0.61,0.0
,2025_01_PIT_NYJ,NYJ,DE,0.0,31.0,6.0,0.0,0.55,0.19
,2025_01_PIT_NYJ,NYJ,DL,0.0,30.0,11.0,0.0,0.54,0.35
,2025_01_PIT_NYJ,NYJ,DL,0.0,17.0,5.0,0.0,0.3,0.16
,2025_01_PIT_NYJ,NYJ,DL,0.0,12.0,6.0,0.0,0.21,0.19
,2025_01_PIT_NYJ,NYJ,LB,0.0,11.0,26.0,0.0,0.2,0.84
,2025_01_PIT_NYJ,NYJ,LB,0.0,7.0,26.0,0.0,0.12,0.84
,2025_01_PIT_NYJ,NYJ,DL,0.0,7.0,7.0,0.0,0.12,0.23
,2025_01_PIT_NYJ,NYJ,DB,0.0,1.0,20.0,0.0,0.02,0.65
,2025_01_PIT_NYJ,NYJ,CB,0.0,0.0,25.0,0.0,0.0,0.81
,2025_01_PIT_NYJ,NYJ,S,0.0,0.0,20.0,0.0,0.0,0.65
,2025_01_PIT_NYJ,NYJ,LB,0.0,0.0,20.0,0.0,0.0,0.65
,2025_01_PIT_NYJ,NYJ,CB,0.0,0.0,13.0,0.0,0.0,0.42
,2025_01_PIT_NYJ,NYJ,K,0.0,0.0,12.0,0.0,0.0,0.39
,2025_01_PIT_NYJ,NYJ,WR,0.0,0.0,11.0,0.0,0.0,0.35
,2025_01_PIT_NYJ,NYJ,P,0.0,0.0,7.0,0.0,0.0,0.23
,2025_01_PIT_NYJ,NYJ,LS,0.0,0.0,7.0,0.0,0.0,0.23
,2025_01_PIT_NYJ,NYJ,OL,0.0,0.0,5.0,0.0,0.0,0.16
,2025_01_PIT_NYJ,NYJ,TE,0.0,0.0,4.0,0.0,0.0,0.13
,2025_01_PIT_NYJ,NYJ,RB,0.0,0.0,3.0,0.0,0.0,0.1
,2025_01_PIT_NYJ,PIT,G,56.0,0.0,6.0,1.0,0.0,0.19
,2025_01_PIT_NYJ,PIT,T,56.0,0.0,6.0,1.0,0.0,0.19
,2025_01_PIT_NYJ,PIT,QB,56.0,0.0,0.0,1.0,0.0,0.0
,2025_01_PIT_NYJ,PIT,T,56.0,0.0,0.0,1.0,0.0,0.0
,2025_01_PIT_NYJ,PIT,C,56.0,0.0,0.0,1.0,0.0,0.0
,2025_01_PIT_NYJ,PIT,G,55.0,0.0,0.0,0.98,0.0,0.0
,2025_01_PIT_NYJ,PIT,WR,53.0,0.0,0.0,0.95,0.0,0.0
,2025_01_PIT_NYJ,PIT,WR,45.0,0.0,2.0,0.8,0.0,0.06
,2025_01_PIT_NYJ,PIT,TE,37.0,0.0,0.0,0.66,0.0,0.0
,2025_01_PIT_NYJ,PIT,RB,30.0,0.0,15.0,0.54,0.0,0.48
,2025_01_PIT_NYJ,PIT,TE,28.0,0.0,6.0,0.5,0.0,0.19
,2025_01_PIT_NYJ,PIT,TE,26.0,0.0,7.0,0.46,0.0,0.23
,2025_01_PIT_NYJ,PIT,RB,25.0,0.0,0.0,0.45,0.0,0.0
,2025_01_PIT_NYJ,PIT,WR,10.0,0.0,21.0,0.18,0.0,0.68
,2025_01_PIT_NYJ,PIT,WR,10.0,0.0,0.0,0.18,0.0,0.0
,2025_01_PIT_NYJ,PIT,WR,9.0,0.0,0.0,0.16,0.0,0.0
,2025_01_PIT_NYJ,PIT,TE,4.0,0.0,20.0,0.07,0.0,0.65
,2025_01_PIT_NYJ,PIT,RB,2.0,0.0,7.0,0.04,0.0,0.23
,2025_01_PIT_NYJ,PIT,CB,1.0,64.0,5.0,0.02,1.0,0.16
,2025_01_PIT_NYJ,PIT,OL,1.0,0.0,6.0,0.02,0.0,0.19
,2025_01_PIT_NYJ,PIT,LB,0.0,64.0,5.0,0.0,1.0,0.16
,2025_01_PIT_NYJ,PIT,CB,0.0,64.0,4.0,0.0,1.0,0.13
,2025_01_PIT_NYJ,PIT,LB,0.0,57.0,3.0,0.0,0.89,0.1
,2025_01_PIT_NYJ,PIT,LB,0.0,56.0,16.0,0.0,0.88,0.52
,2025_01_PIT_NYJ,PIT,LB,0.0,56.0,3.0,0.0,0.88,0.1
,2025_01_PIT_NYJ,PIT,S,0.0,54.0,9.0,0.0,0.84,0.29
,2025_01_PIT_NYJ,PIT,DL,0.0,47.0,3.0,0.0,0.73,0.1
,2025_01_PIT_NYJ,PIT,CB,0.0,44.0,5.0,0.0,0.69,0.16
,2025_01_PIT_NYJ,PIT,DT,0.0,43.0,10.0,0.0,0.67,0.32
,2025_01_PIT_NYJ,PIT,DB,0.0,32.0,18.0,0.0,0.5,0.58
,2025_01_PIT_NYJ,PIT,DT,0.0,31.0,11.0,0.0,0.48,0.35
,2025_01_PIT_NYJ,PIT,S,0.0,26.0,3.0,0.0,0.41,0.1
,2025_01_PIT_NYJ,PIT,DE,0.0,24.0,2.0,0.0,0.38,0.06
,2025_01_PIT_NYJ,PIT,LB,0.0,15.0,23.0,0.0,0.23,0.74
,2025_01_PIT_NYJ,PIT,DT,0.0,12.0,1.0,0.0,0.19,0.03
,2025_01_PIT_NYJ,PIT,CB,0.0,10.0,9.0,0.0,0.16,0.29
,2025_01_PIT_NYJ,PIT,LB,0.0,4.0,16.0,0.0,0.06,0.52
,2025_01_PIT_NYJ,PIT,DT,0.0,1.0,0.0,0.0,0.02,0.0
,2025_01_PIT_NYJ,PIT,S,0.0,0.0,21.0,0.0,0.0,0.68
,2025_01_PIT_NYJ,PIT,LB,0.0,0.0,20.0,0.0,0.0,0.65
,2025_01_PIT_NYJ,PIT,K,0.0,0.0,13.0,0.0,0.0,0.42
,2025_01_PIT_NYJ,PIT,CB,0.0,0.0,11.0,0.0,0.0,0.35
,2025_01_PIT_NYJ,PIT,P,0.0,0.0,10.0,0.0,0.0,0.32
,2025_01_PIT_NYJ,PIT,LS,0.0,0.0,10.0,0.0,0.0,0.32
,2025_01_PIT_NYJ,PIT,LB,0.0,0.0,8.0,0.0,0.0,0.26
,2025_01_PIT_NYJ,PIT,C,0.0,0.0,6.0,0.0,0.0,0.19
,2025_01_SF_SEA,SEA,G,52.0,0.0,3.0,1.0,0.0,0.13
,2025_01_SF_SEA,SEA,C,52.0,0.0,3.0,1.0,0.0,0.13
,2025_01_SF_SEA,SEA,G,52.0,0.0,3.0,1.0,0.0,0.13
,2025_01_SF_SEA,SEA,T,52.0,0.0,3.0,1.0,0.0,0.13
,2025_01_SF_SEA,SEA,T,52.0,0.0,3.0,1.0,0.0,0.13
,2025_01_SF_SEA,SEA,QB,52.0,0.0,0.0,1.0,0.0,0.0
,2025_01_SF_SEA,SEA,WR,46.0,0.0,0.0,0.88,0.0,0.0
,2025_01_SF_SEA,SEA,TE,44.0,0.0,9.0,0.85,0.0,0.39
,2025_01_SF_SEA,SEA,WR,40.0,0.0,0.0,0.77,0.0,0.0
,2025_01_SF_SEA,SEA,RB,30.0,0.0,0.0,0.58,0.0,0.0
,2025_01_SF_SEA,SEA,WR,28.0,0.0,2.0,0.54,0.0,0.09
,2025_01_SF_SEA,SEA,RB,21.0,0.0,0.0,0.4,0.0,0.0
,2025_01_SF_SEA,SEA,FB,19.0,0.0,4.0,0.37,0.0,0.17
,2025_01_SF_SEA,SEA,TE,16.0,0.0,0.0,0.31,0.0,0.0
,2025_01_SF_SEA,SEA,TE,9.0,0.0,13.0,0.17,0.0,0.57
,2025_01_SF_SEA,SEA,WR,5.0,0.0,6.0,0.1,0.0,0.26
,2025_01_SF_SEA,SEA,G,1.0,0.0,3.0,0.02,0.0,0.13
,2025_01_SF_SEA,SEA,QB,1.0,0.0,0.0,0.02,0.0,0.0
,2025_01_SF_SEA,SEA,S,0.0,76.0,7.0,0.0,1.0,0.3
,2025_01_SF_SEA,SEA,S,0.0,76.0,5.0,0.0,1.0,0.22
,2025_01_SF_SEA,SEA,CB,0.0,76.0,5.0,0.0,1.0,0.22
,2025_01_SF_SEA,SEA,LB,0.0,76.0,5.0,0.0,1.0,0.22
,2025_01_SF_SEA,SEA,CB,0.0,76.0,5.0,0.0,1.0,0.22
,2025_01_SF_SEA,SEA,CB,0.0,61.0,2.0,0.0,0.8,0.09
,2025_01_SF_SEA,SEA,DE,0.0,59.0,5.0,0.0,0.78,0.22
,2025_01_SF_SEA,SEA,DT,0.0,58.0,5.0,0.0,0.76,0.22
,2025_01_SF_SEA,SEA,LB,0.0,56.0,4.0,0.0,0.74,0.17
,2025_01_SF_SEA,SEA,LB,0.0,56.0,0.0,0.0,0.74,0.0
,2025_01_SF_SEA,SEA,DE,0.0,52.0,5.0,0.0,0.68,0.22
,2025_01_SF_SEA,SEA,LB,0.0,38.0,9.0,0.0,0.5,0.39
,2025_01_SF_SEA,SEA,NT,0.0,38.0,5.0,0.0,0.5,0.22
,2025_01_SF_SEA,SEA,LB,0.0,15.0,15.0,0.0,0.2,0.65
,2025_01_SF_SEA,SEA,NT,0.0,10.0,0.0,0.0,0.13,0.0
,2025_01_SF_SEA,SEA,S,0.0,6.0,16.0,0.0,0.08,0.7
,2025_01_SF_SEA,SEA,S,0.0,4.0,1.0,0.0,0.05,0.04
,2025_01_SF_SEA,SEA,DE,0.0,3.0,13.0,0.0,0.04,0.57
,2025_01_SF_SEA,SEA,FB,0.0,0.0,18.0,0.0,0.0,0.78
,2025_01_SF_SEA,SEA,LB,0.0,0.0,15.0,0.0,0.0,0.65
,2025_01_SF_SEA,SEA,CB,0.0,0.0,15.0,0.0,0.0,0.65
,2025_01_SF_SEA,SEA,RB,0.0,0.0,15.0,0.0,0.0,0.65
,2025_01_SF_SEA,SEA,LS,0.0,0.0,8.0,0.0,0.0,0.35
,2025_01_SF_SEA,SEA,P,0.0,0.0,8.0,0.0,0.0,0.35
,2025_01_SF_SEA,SEA,K,0.0,0.0,7.0,0.0,0.0,0.3
,2025_01_SF_SEA,SEA,CB,0.0,0.0,7.0,0.0,0.0,0.3
,2025_01_SF_SEA,SF,OL,76.0,0.0,5.0,1.0,0.0,0.22
,2025_01_SF_SEA,SF,OL,76.0,0.0,5.0,1.0,0.0,0.22
,2025_01_SF_SEA,SF,QB,76.0,0.0,0.0,1.0,0.0,0.0
,2025_01_SF_SEA,SF,OL,76.0,0.0,0.0,1.0,0.0,0.0
,2025_01_SF_SEA,SF,OL,75.0,0.0,5.0,0.99,0.0,0.22
,2025_01_SF_SEA,SF,T,75.0,0.0,0.0,0.99,0.0,0.0
,2025_01_SF_SEA,SF,WR,64.0,0.0,0.0,0.84,0.0,0.0
,2025_01_SF_SEA,SF,RB,58.0,0.0,0.0,0.76,0.0,0.0
,2025_01_SF_SEA,SF,WR,50.0,0.0,0.0,0.66,0.0,0.0
,2025_01_SF_SEA,SF,TE,44.0,0.0,15.0,0.58,0.0,0.65
,2025_01_SF_SEA,SF,FB,37.0,0.0,2.0,0.49,0.0,0.09
,2025_01_SF_SEA,SF,TE,30.0,0.0,14.0,0.39,0.0,0.61
,2025_01_SF_SEA,SF,WR,28.0,0.0,0.0,0.37,0.0,0.0
,2025_01_SF_SEA,SF,WR,27.0,0.0,0.0,0.36,0.0,0.0
,2025_01_SF_SEA,SF,TE,21.0,0.0,0.0,0.28,0.0,0.0
,2025_01_SF_SEA,SF,RB,18.0,0.0,0.0,0.24,0.0,0.0
,2025_01_SF_SEA,SF,WR,3.0,0.0,9.0,0.04,0.0,0.39
,2025_01_SF_SEA,SF,OL,1.0,0.0,5.0,0.01,0.0,0.22
,2025_01_SF_SEA,SF,OL,1.0,0.0,5.0,0.01,0.0,0.22
,2025_01_SF_SEA,SF,S,0.0,52.0,5.0,0.0,1.0,0.22
,2025_01_SF_SEA,SF,S,0.0,52.0,3.0,0.0,1.0,0.13
,2025_01_SF_SEA,SF,LB,0.0,52.0,0.0,0.0,1.0,0.0
,2025_01_SF_SEA,SF,DB,0.0,51.0,0.0,0.0,0.98,0.0
,2025_01_SF_SEA,SF,CB,0.0,51.0,0.0,0.0,0.98,0.0
,2025_01_SF_SEA,SF,LB,0.0,49.0,3.0,0.0,0.94,0.13
,2025_01_SF_SEA,SF,DL,0.0,46.0,0.0,0.0,0.88,0.0
,2025_01_SF_SEA,SF,DL,0.0,39.0,3.0,0.0,0.75,0.13
,2025_01_SF_SEA,SF,CB,0.0,29.0,0.0,0.0,0.56,0.0
,2025_01_SF_SEA,SF,DL,0.0,26.0,0.0,0.0,0.5,0.0
,2025_01_SF_SEA,SF,DL,0.0,25.0,2.0,0.0,0.48,0.09
,2025_01_SF_SEA,SF,DL,0.0,24.0,2.0,0.0,0.46,0.09
,2025_01_SF_SEA,SF,LB,0.0,23.0,18.0,0.0,0.44,0.78
,2025_01_SF_SEA,SF,DL,0.0,17.0,0.0,0.0,0.33,0.0
,2025_01_SF_SEA,SF,DL,0.0,15.0,11.0,0.0,0.29,0.48
,2025_01_SF_SEA,SF,DL,0.0,9.0,3.0,0.0,0.17,0.13
,2025_01_SF_SEA,SF,DL,0.0,7.0,1.0,0.0,0.13,0.04
,2025_01_SF_SEA,SF,LB,0.0,3.0,15.0,0.0,0.06,0.65
,2025_01_SF_SEA,SF,S,0.0,2.0,13.0,0.0,0.04,0.57
,2025_01_SF_SEA,SF,DB,0.0,0.0,18.0,0.0,0.0,0.78
,2025_01_SF_SEA,SF,CB,0.0,0.0,18.0,0.0,0.0,0.78
,2025_01_SF_SEA,SF,LB,0.0,0.0,16.0,0.0,0.0,0.7
,2025_01_SF_SEA,SF,RB,0.0,0.0,15.0,0.0,0.0,0.65
,2025_01_SF_SEA,SF,CB,0.0,0.0,13.0,0.0,0.0,0.57
,2025_01_SF_SEA,SF,K,0.0,0.0,9.0,0.0,0.0,0.39
,2025_01_SF_SEA,SF,P,0.0,0.0,7.0,0.0,0.0,0.3
,2025_01_SF_SEA,SF,LS,0.0,0.0,7.0,0.0,0.0,0.3
,2025_01_SF_SEA,SF,OL,0.0,0.0,5.0,0.0,0.0,0.22
,2025_01_TB_ATL,ATL,OL,76.0,0.0,5.0,1.0,0.0,0.19
,2025_01_TB_ATL,ATL,OL,76.0,0.0,5.0,1.0,0.0,0.19
,2025_01_TB_ATL,ATL,T,76.0,0.0,5.0,1.0,0.0,0.19
,2025_01_TB_ATL,ATL,G,76.0,0.0,5.0,1.0,0.0,0.19
,2025_01_TB_ATL,ATL,QB,76.0,0.0,0.0,1.0,0.0,0.0
,2025_01_TB_ATL,ATL,OL,76.0,0.0,0.0,1.0,0.0,0.0
,2025_01_TB_ATL,ATL,WR,72.0,0.0,0.0,0.95,0.0,0.0
,2025_01_TB_ATL,ATL,WR,67.0,0.0,0.0,0.88,0.0,0.0
,2025_01_TB_ATL,ATL,RB,63.0,0.0,0.0,0.83,0.0,0.0
,2025_01_TB_ATL,ATL,TE,59.0,0.0,0.0,0.78,0.0,0.0
,2025_01_TB_ATL,ATL,WR,55.0,0.0,1.0,0.72,0.0,0.04
,2025_01_TB_ATL,ATL,TE,32.0,0.0,13.0,0.42,0.0,0.48
,2025_01_TB_ATL,ATL,RB,19.0,0.0,8.0,0.25,0.0,0.3
,2025_01_TB_ATL,ATL,WR,8.0,0.0,17.0,0.11,0.0,0.63
,2025_01_TB_ATL,ATL,TE,2.0,0.0,13.0,0.03,0.0,0.48
,2025_01_TB_ATL,ATL,WR,2.0,0.0,0.0,0.03,0.0,0.0
,2025_01_TB_ATL,ATL,TE,1.0,0.0,22.0,0.01,0.0,0.81
,2025_01_TB_ATL,ATL,S,0.0,58.0,5.0,0.0,1.0,0.19
,2025_01_TB_ATL,ATL,LB,0.0,58.0,5.0,0.0,1.0,0.19
,2025_01_TB_ATL,ATL,CB,0.0,58.0,0.0,0.0,1.0,0.0
,2025_01_TB_ATL,ATL,S,0.0,58.0,0.0,0.0,1.0,0.0
,2025_01_TB_ATL,ATL,CB,0.0,58.0,0.0,0.0,1.0,0.0
,2025_01_TB_ATL,ATL,LB,0.0,57.0,0.0,0.0,0.98,0.0
,2025_01_TB_ATL,ATL,DB,0.0,47.0,0.0,0.0,0.81,0.0
,2025_01_TB_ATL,ATL,DL,0.0,36.0,9.0,0.0,0.62,0.33
,2025_01_TB_ATL,ATL,DE,0.0,34.0,0.0,0.0,0.59,0.0
,2025_01_TB_ATL,ATL,DL,0.0,31.0,4.0,0.0,0.53,0.15
,2025_01_TB_ATL,ATL,DL,0.0,29.0,5.0,0.0,0.5,0.19
,2025_01_TB_ATL,ATL,DE,0.0,26.0,9.0,0.0,0.45,0.33
,2025_01_TB_ATL,ATL,DL,0.0,25.0,5.0,0.0,0.43,0.19
,2025_01_TB_ATL,ATL,DE,0.0,25.0,0.0,0.0,0.43,0.0
,2025_01_TB_ATL,ATL,DE,0.0,23.0,0.0,0.0,0.4,0.0
,2025_01_TB_ATL,ATL,DL,0.0,14.0,1.0,0.0,0.24,0.04
,2025_01_TB_ATL,ATL,S,0.0,1.0,16.0,0.0,0.02,0.59
,2025_01_TB_ATL,ATL,DE,0.0,0.0,22.0,0.0,0.0,0.81
,2025_01_TB_ATL,ATL,LB,0.0,0.0,22.0,0.0,0.0,0.81
,2025_01_TB_ATL,ATL,CB,0.0,0.0,22.0,0.0,0.0,0.81
,2025_01_TB_ATL,ATL,CB,0.0,0.0,16.0,0.0,0.0,0.59
,2025_01_TB_ATL,ATL,RB,0.0,0.0,10.0,0.0,0.0,0.37
,2025_01_TB_ATL,ATL,CB,0.0,0.0,10.0,0.0,0.0,0.37
,2025_01_TB_ATL,ATL,K,0.0,0.0,10.0,0.0,0.0,0.37
,2025_01_TB_ATL,ATL,P,0.0,0.0,8.0,0.0,0.0,0.3
,2025_01_TB_ATL,ATL,LS,0.0,0.0,8.0,0.0,0.0,0.3
,2025_01_TB_ATL,ATL,WR,0.0,0.0,6.0,0.0,0.0,0.22
,2025_01_TB_ATL,ATL,OL,0.0,0.0,5.0,0.0,0.0,0.19
,2025_01_TB_ATL,ATL,OL,0.0,0.0,5.0,0.0,0.0,0.19
,2025_01_TB_ATL,TB,G,58.0,0.0,5.0,1.0,0.0,0.19
,2025_01_TB_ATL,TB,T,58.0,0.0,5.0,1.0,0.0,0.19
,2025_01_TB_ATL,TB,C,58.0,0.0,0.0,1.0,0.0,0.0
,2025_01_TB_ATL,TB,G,58.0,0.0,0.0,1.0,0.0,0.0
,2025_01_TB_ATL,TB,QB,58.0,0.0,0.0,1.0,0.0,0.0
,2025_01_TB_ATL,TB,G,58.0,0.0,0.0,1.0,0.0,0.0
,2025_01_TB_ATL,TB,WR,54.0,0.0,0.0,0.93,0.0,0.0
,2025_01_TB_ATL,TB,TE,50.0,0.0,0.0,0.86,0.0,0.0
,2025_01_TB_ATL,TB,WR,48.0,0.0,0.0,0.83,0.0,0.0
,2025_01_TB_ATL,TB,RB,44.0,0.0,0.0,0.76,0.0,0.0
,2025_01_TB_ATL,TB,WR,37.0,0.0,0.0,0.64,0.0,0.0
,2025_01_TB_ATL,TB,TE,15.0,0.0,14.0,0.26,0.0,0.52
,2025_01_TB_ATL,TB,RB,14.0,0.0,0.0,0.24,0.0,0.0
,2025_01_TB_ATL,TB,WR,9.0,0.0,16.0,0.16,0.0,0.59
,2025_01_TB_ATL,TB,TE,8.0,0.0,19.0,0.14,0.0,0.7
,2025_01_TB_ATL,TB,WR,8.0,0.0,0.0,0.14,0.0,0.0
,2025_01_TB_ATL,TB,RB,2.0,0.0,11.0,0.03,0.0,0.41
,2025_01_TB_ATL,TB,WR,1.0,0.0,12.0,0.02,0.0,0.44
,2025_01_TB_ATL,TB,LB,0.0,76.0,0.0,0.0,1.0,0.0
,2025_01_TB_ATL,TB,CB,0.0,74.0,6.0,0.0,0.97,0.22
,2025_01_TB_ATL,TB,CB,0.0,74.0,1.0,0.0,0.97,0.04
,2025_01_TB_ATL,TB,S,0.0,74.0,0.0,0.0,0.97,0.0
,2025_01_TB_ATL,TB,S,0.0,74.0,0.0,0.0,0.97,0.0
,2025_01_TB_ATL,TB,LB,0.0,72.0,6.0,0.0,0.95,0.22
,2025_01_TB_ATL,TB,LB,0.0,60.0,0.0,0.0,0.79,0.0
,2025_01_TB_ATL,TB,LB,0.0,56.0,5.0,0.0,0.74,0.19
,2025_01_TB_ATL,TB,CB,0.0,55.0,9.0,0.0,0.72,0.33
,2025_01_TB_ATL,TB,NT,0.0,54.0,6.0,0.0,0.71,0.22
,2025_01_TB_ATL,TB,DL,0.0,54.0,0.0,0.0,0.71,0.0
,2025_01_TB_ATL,TB,DL,0.0,39.0,11.0,0.0,0.51,0.41
,2025_01_TB_ATL,TB,LB,0.0,22.0,17.0,0.0,0.29,0.63
,2025_01_TB_ATL,TB,DL,0.0,21.0,0.0,0.0,0.28,0.0
,2025_01_TB_ATL,TB,LB,0.0,16.0,11.0,0.0,0.21,0.41
,2025_01_TB_ATL,TB,DL,0.0,9.0,6.0,0.0,0.12,0.22
,2025_01_TB_ATL,TB,S,0.0,3.0,17.0,0.0,0.04,0.63
,2025_01_TB_ATL,TB,LB,0.0,3.0,13.0,0.0,0.04,0.48
,2025_01_TB_ATL,TB,CB,0.0,0.0,16.0,0.0,0.0,0.59
,2025_01_TB_ATL,TB,LB,0.0,0.0,16.0,0.0,0.0,0.59
,2025_01_TB_ATL,TB,LB,0.0,0.0,16.0,0.0,0.0,0.59
,2025_01_TB_ATL,TB,S,0.0,0.0,16.0,0.0,0.0,0.59
,2025_01_TB_ATL,TB,K,0.0,0.0,10.0,0.0,0.0,0.37
,2025_01_TB_ATL,TB,P,0.0,0.0,9.0,0.0,0.0,0.33
,2025_01_TB_ATL,TB,LS,0.0,0.0,9.0,0.0,0.0,0.33
,2025_01_TB_ATL,TB,G,0.0,0.0,5.0,0.0,0.0,0.19
,2025_01_TB_ATL,TB,T,0.0,0.0,5.0,0.0,0.0,0.19
,2025_01_TB_ATL,TB,T,0.0,0.0,5.0,0.0,0.0,0.19
,2025_01_TEN_DEN,DEN,T,76.0,0.0,4.0,1.0,0.0,0.14
,2025_01_TEN_DEN,DEN,G,76.0,0.0,4.0,1.0,0.0,0.14
,2025_01_TEN_DEN,DEN,G,76.0,0.0,4.0,1.0,0.0,0.14
,2025_01_TEN_DEN,DEN,T,76.0,0.0,4.0,1.0,0.0,0.14
,2025_01_TEN_DEN,DEN,C,76.0,0.0,0.0,1.0,0.0,0.0
,2025_01_TEN_DEN,DEN,QB,76.0,0.0,0.0,1.0,0.0,0.0
,2025_01_TEN_DEN,DEN,WR,72.0,0.0,0.0,0.95,0.0,0.0
,2025_01_TEN_DEN,DEN,WR,45.0,0.0,0.0,0.59,0.0,0.0
,2025_01_TEN_DEN,DEN,TE,44.0,0.0,7.0,0.58,0.0,0.24
,2025_01_TEN_DEN,DEN,WR,40.0,0.0,13.0,0.53,0.0,0.45
,2025_01_TEN_DEN,DEN,RB,40.0,0.0,0.0,0.53,0.0,0.0
,2025_01_TEN_DEN,DEN,WR,26.0,0.0,13.0,0.34,0.0,0.45
,2025_01_TEN_DEN,DEN,TE,26.0,0.0,0.0,0.34,0.0,0.0
,2025_01_TEN_DEN,DEN,RB,22.0,0.0,5.0,0.29,0.0,0.17
,2025_01_TEN_DEN,DEN,TE,22.0,0.0,3.0,0.29,0.0,0.1
,2025_01_TEN_DEN,DEN,FB,15.0,0.0,8.0,0.2,0.0,0.28
,2025_01_TEN_DEN,DEN,RB,14.0,0.0,14.0,0.18,0.0,0.48
,2025_01_TEN_DEN,DEN,T,10.0,0.0,4.0,0.13,0.0,0.14
,2025_01_TEN_DEN,DEN,WR,4.0,0.0,0.0,0.05,0.0,0.0
,2025_01_TEN_DEN,DEN,S,0.0,57.0,4.0,0.0,1.0,0.14
,2025_01_TEN_DEN,DEN,CB,0.0,57.0,4.0,0.0,1.0,0.14
,2025_01_TEN_DEN,DEN,CB,0.0,57.0,0.0,0.0,1.0,0.0
,2025_01_TEN_DEN,DEN,LB,0.0,57.0,0.0,0.0,1.0,0.0
,2025_01_TEN_DEN,DEN,S,0.0,55.0,0.0,0.0,0.96,0.0
,2025_01_TEN_DEN,DEN,DL,0.0,46.0,4.0,0.0,0.81,0.14
,2025_01_TEN_DEN,DEN,LB,0.0,38.0,3.0,0.0,0.67,0.1
,2025_01_TEN_DEN,DEN,LB,0.0,37.0,2.0,0.0,0.65,0.07
,2025_01_TEN_DEN,DEN,DL,0.0,36.0,0.0,0.0,0.63,0.0
,2025_01_TEN_DEN,DEN,LB,0.0,35.0,11.0,0.0,0.61,0.38
,2025_01_TEN_DEN,DEN,DT,0.0,32.0,4.0,0.0,0.56,0.14
,2025_01_TEN_DEN,DEN,CB,0.0,31.0,0.0,0.0,0.54,0.0
,2025_01_TEN_DEN,DEN,LB,0.0,23.0,25.0,0.0,0.4,0.86
,2025_01_TEN_DEN,DEN,CB,0.0,21.0,13.0,0.0,0.37,0.45
,2025_01_TEN_DEN,DEN,LB,0.0,19.0,17.0,0.0,0.33,0.59
,2025_01_TEN_DEN,DEN,DL,0.0,15.0,4.0,0.0,0.26,0.14
,2025_01_TEN_DEN,DEN,DL,0.0,11.0,6.0,0.0,0.19,0.21
,2025_01_TEN_DEN,DEN,S,0.0,0.0,23.0,0.0,0.0,0.79
,2025_01_TEN_DEN,DEN,DB,0.0,0.0,21.0,0.0,0.0,0.72
,2025_01_TEN_DEN,DEN,S,0.0,0.0,18.0,0.0,0.0,0.62
,2025_01_TEN_DEN,DEN,LB,0.0,0.0,18.0,0.0,0.0,0.62
,2025_01_TEN_DEN,DEN,CB,0.0,0.0,17.0,0.0,0.0,0.59
,2025_01_TEN_DEN,DEN,LB,0.0,0.0,10.0,0.0,0.0,0.34
,2025_01_TEN_DEN,DEN,K,0.0,0.0,9.0,0.0,0.0,0.31
,2025_01_TEN_DEN,DEN,P,0.0,0.0,7.0,0.0,0.0,0.24
,2025_01_TEN_DEN,DEN,LS,0.0,0.0,7.0,0.0,0.0,0.24
,2025_01_TEN_DEN,DEN,T,0.0,0.0,4.0,0.0,0.0,0.14
,2025_01_TEN_DEN,DEN,C,0.0,0.0,4.0,0.0,0.0,0.14
,2025_01_TEN_DEN,TEN,G,57.0,0.0,4.0,1.0,0.0,0.14
,2025_01_TEN_DEN,TEN,OL,57.0,0.0,4.0,1.0,0.0,0.14
,2025_01_TEN_DEN,TEN,T,57.0,0.0,4.0,1.0,0.0,0.14
,2025_01_TEN_DEN,TEN,QB,57.0,0.0,0.0,1.0,0.0,0.0
,2025_01_TEN_DEN,TEN,C,57.0,0.0,0.0,1.0,0.0,0.0
,2025_01_TEN_DEN,TEN,WR,54.0,0.0,0.0,0.95,0.0,0.0
,2025_01_TEN_DEN,TEN,RB,51.0,0.0,0.0,0.89,0.0,0.0
,2025_01_TEN_DEN,TEN,TE,50.0,0.0,0.0,0.88,0.0,0.0
,2025_01_TEN_DEN,TEN,WR,45.0,0.0,4.0,0.79,0.0,0.14
,2025_01_TEN_DEN,TEN,T,45.0,0.0,3.0,0.79,0.0,0.1
,2025_01_TEN_DEN,TEN,WR,33.0,0.0,0.0,0.58,0.0,0.0
,2025_01_TEN_DEN,TEN,TE,23.0,0.0,14.0,0.4,0.0,0.48
,2025_01_TEN_DEN,TEN,OL,12.0,0.0,4.0,0.21,0.0,0.14
,2025_01_TEN_DEN,TEN,WR,10.0,0.0,8.0,0.18,0.0,0.28
,2025_01_TEN_DEN,TEN,WR,7.0,0.0,9.0,0.12,0.0,0.31
,2025_01_TEN_DEN,TEN,RB,6.0,0.0,20.0,0.11,0.0,0.69
,2025_01_TEN_DEN,TEN,WR,3.0,0.0,23.0,0.05,0.0,0.79
,2025_01_TEN_DEN,TEN,TE,1.0,0.0,24.0,0.02,0.0,0.83
,2025_01_TEN_DEN,TEN,OL,1.0,0.0,4.0,0.02,0.0,0.14
,2025_01_TEN_DEN,TEN,C,1.0,0.0,4.0,0.02,0.0,0.14
,2025_01_TEN_DEN,TEN,S,0.0,76.0,4.0,0.0,1.0,0.14
,2025_01_TEN_DEN,TEN,LB,0.0,76.0,0.0,0.0,1.0,0.0
,2025_01_TEN_DEN,TEN,S,0.0,76.0,0.0,0.0,1.0,0.0
,2025_01_TEN_DEN,TEN,CB,0.0,75.0,1.0,0.0,0.99,0.03
,2025_01_TEN_DEN,TEN,DT,0.0,64.0,5.0,0.0,0.84,0.17
,2025_01_TEN_DEN,TEN,LB,0.0,62.0,11.0,0.0,0.82,0.38
,2025_01_TEN_DEN,TEN,LB,0.0,58.0,2.0,0.0,0.76,0.07
,2025_01_TEN_DEN,TEN,CB,0.0,54.0,8.0,0.0,0.71,0.28
,2025_01_TEN_DEN,TEN,LB,0.0,46.0,5.0,0.0,0.61,0.17
,2025_01_TEN_DEN,TEN,CB,0.0,34.0,0.0,0.0,0.45,0.0
,2025_01_TEN_DEN,TEN,S,0.0,31.0,0.0,0.0,0.41,0.0
,2025_01_TEN_DEN,TEN,NT,0.0,29.0,4.0,0.0,0.38,0.14
,2025_01_TEN_DEN,TEN,CB,0.0,21.0,0.0,0.0,0.28,0.0
,2025_01_TEN_DEN,TEN,DL,0.0,19.0,0.0,0.0,0.25,0.0
,2025_01_TEN_DEN,TEN,LB,0.0,16.0,0.0,0.0,0.21,0.0
,2025_01_TEN_DEN,TEN,DL,0.0,9.0,0.0,0.0,0.12,0.0
,2025_01_TEN_DEN,TEN,CB,0.0,2.0,15.0,0.0,0.03,0.52
,2025_01_TEN_DEN,TEN,LB,0.0,0.0,25.0,0.0,0.0,0.86
,2025_01_TEN_DEN,TEN,S,0.0,0.0,25.0,0.0,0.0,0.86
,2025_01_TEN_DEN,TEN,LB,0.0,0.0,22.0,0.0,0.0,0.76
,2025_01_TEN_DEN,TEN,LB,0.0,0.0,20.0,0.0,0.0,0.69
,2025_01_TEN_DEN,TEN,LS,0.0,0.0,12.0,0.0,0.0,0.41
,2025_01_TEN_DEN,TEN,P,0.0,0.0,12.0,0.0,0.0,0.41
,2025_01_TEN_DEN,TEN,K,0.0,0.0,9.0,0.0,0.0,0.31
,2025_01_TEN_DEN,TEN,RB,0.0,0.0,3.0,0.0,0.0,0.1
